trade_id,strategy,open_madrid,close_madrid,duration_hours,direction,result,rr,entry_price,sl_price,exit_price,sl_size,sl_pct,exit_reason
1,V3-locked,2017-08-28 19:30:00+0200,2017-09-02 08:00:00+0200,108.5,Long,TP,1.19,4364.81,4273.59,4473.35,91.22,2.0899,H1_EMA100
2,V3-locked,2017-09-29 15:00:00+0200,2017-09-29 15:30:00+0200,0.5,Long,SL,-1.0,4247.11,4180.53,4180.53,66.58,1.5677,STRUCTURAL_SL
3,V3-locked,2017-10-01 22:00:00+0200,2017-10-03 07:30:00+0200,33.5,Long,SL,-1.0,4307.0,4300.0,4300.0,7.0,0.1625,STRUCTURAL_SL
4,V3-locked,2017-10-04 08:30:00+0200,2017-10-04 10:00:00+0200,1.5,Long,SL,-1.0,4371.99,4281.01,4281.01,90.98,2.081,STRUCTURAL_SL
5,V3-locked,2017-10-05 15:00:00+0200,2017-10-15 14:00:00+0200,239.0,Long,TP,13.13,4309.14,4226.05,5400.01,83.09,1.9282,H1_EMA100
6,V3-locked,2017-10-16 03:30:00+0200,2017-10-17 15:00:00+0200,35.5,Long,SL,-0.69,5696.09,5508.61,5567.51,187.48,3.2914,H1_EMA100
7,V3-locked,2017-10-19 02:00:00+0200,2017-10-19 02:30:00+0200,0.5,Long,SL,-1.0,5513.0,5490.26,5490.26,22.74,0.4125,STRUCTURAL_SL
8,V3-locked,2017-10-23 04:00:00+0200,2017-10-23 05:00:00+0200,1.0,Long,SL,-1.0,6000.02,5940.0,5940.0,60.02,1.0003,STRUCTURAL_SL
9,V3-locked,2017-10-26 00:00:00+0200,2017-10-26 01:00:00+0200,1.0,Long,TP,0.25,5615.03,5497.01,5644.97,118.02,2.1019,H1_EMA100
10,V3-locked,2017-10-29 08:30:00+0100,2017-11-06 18:00:00+0100,201.5,Long,TP,9.65,5790.02,5648.01,7160.0,142.01,2.4527,H1_EMA100
11,V3-locked,2017-11-08 03:30:00+0100,2017-11-08 19:30:00+0100,16.0,Long,SL,-1.0,7259.99,7052.11,7052.11,207.88,2.8634,STRUCTURAL_SL
12,V3-locked,2017-11-09 03:30:00+0100,2017-11-09 09:30:00+0100,6.0,Long,SL,-1.0,7375.55,7130.01,7130.01,245.54,3.3291,STRUCTURAL_SL
13,V3-locked,2017-11-10 06:00:00+0100,2017-11-10 06:30:00+0100,0.5,Long,SL,-1.0,7259.9,7191.64,7191.64,68.26,0.9402,STRUCTURAL_SL
14,V3-locked,2017-11-18 14:00:00+0100,2017-11-18 14:30:00+0100,0.5,Long,SL,-1.0,7704.01,7660.01,7660.01,44.0,0.5711,STRUCTURAL_SL
15,V3-locked,2017-11-18 19:30:00+0100,2017-11-24 01:00:00+0100,125.5,Long,TP,1.84,7750.02,7603.0,8019.99,147.02,1.897,H1_EMA100
16,V3-locked,2017-11-24 09:00:00+0100,2017-11-24 10:00:00+0100,1.0,Long,SL,-1.0,8262.02,8002.02,8002.02,260.0,3.1469,STRUCTURAL_SL
17,V3-locked,2017-11-24 20:00:00+0100,2017-11-25 03:00:00+0100,7.0,Long,SL,-1.0,8162.16,8111.0,8111.0,51.16,0.6268,STRUCTURAL_SL
18,V3-locked,2017-11-30 06:00:00+0100,2017-11-30 06:30:00+0100,0.5,Long,SL,-1.0,10447.53,10201.0,10201.0,246.53,2.3597,STRUCTURAL_SL
19,V3-locked,2017-12-04 23:30:00+0100,2017-12-09 18:00:00+0100,114.5,Long,TP,17.53,11449.92,11305.2,13986.98,144.72,1.2639,H1_EMA100
20,V3-locked,2017-12-10 16:30:00+0100,2017-12-13 04:00:00+0100,59.5,Long,SL,-0.02,15347.85,13357.98,15299.97,1989.87,12.9651,H1_EMA100
21,V3-locked,2017-12-14 13:00:00+0100,2017-12-14 16:00:00+0100,3.0,Long,SL,-1.0,16098.95,15840.43,15840.43,258.52,1.6058,STRUCTURAL_SL
22,V3-locked,2017-12-18 14:30:00+0100,2017-12-18 15:00:00+0100,0.5,Long,SL,-1.0,19161.0,18510.05,18510.05,650.95,3.3973,STRUCTURAL_SL
23,V3-locked,2018-01-04 21:30:00+0100,2018-01-04 23:00:00+0100,1.5,Long,SL,-1.0,15000.99,14720.05,14720.05,280.94,1.8728,STRUCTURAL_SL
24,V3-locked,2018-02-18 20:00:00+0100,2018-02-18 23:30:00+0100,3.5,Long,SL,-1.0,10743.04,10550.0,10550.0,193.04,1.7969,STRUCTURAL_SL
25,V3-locked,2018-02-19 10:00:00+0100,2018-02-21 06:00:00+0100,44.0,Long,SL,-0.08,10779.71,10381.0,10746.09,398.71,3.6987,H1_EMA100
26,V3-locked,2018-03-01 11:30:00+0100,2018-03-06 12:00:00+0100,120.5,Long,TP,3.02,10669.0,10581.0,10934.43,88.0,0.8248,H1_EMA100
27,V3-locked,2018-04-17 11:30:00+0200,2018-04-17 12:00:00+0200,0.5,Long,SL,-1.0,8148.0,8129.0,8129.0,19.0,0.2332,STRUCTURAL_SL
28,V3-locked,2018-04-18 11:30:00+0200,2018-04-18 17:00:00+0200,5.5,Long,SL,-0.53,8085.0,7868.0,7970.91,217.0,2.684,H1_EMA100
29,V3-locked,2018-04-23 05:30:00+0200,2018-04-25 16:00:00+0200,58.5,Long,TP,1.63,8872.49,8787.01,9011.78,85.48,0.9634,H1_EMA100
30,V3-locked,2018-04-26 23:30:00+0200,2018-04-27 23:00:00+0200,23.5,Long,SL,-0.59,9167.02,8834.02,8970.0,333.0,3.6326,H1_EMA100
31,V3-locked,2018-04-28 11:30:00+0200,2018-04-30 10:00:00+0200,46.5,Long,SL,-0.25,9270.0,9081.02,9222.01,188.98,2.0386,H1_EMA100
32,V3-locked,2018-04-30 22:30:00+0200,2018-04-30 23:00:00+0200,0.5,Long,SL,-1.0,9323.56,9277.37,9277.37,46.19,0.4954,STRUCTURAL_SL
33,V3-locked,2018-05-09 16:00:00+0200,2018-05-09 17:00:00+0200,1.0,Long,TP,0.23,9276.0,9100.0,9316.7,176.0,1.8974,H1_EMA100
34,V3-locked,2018-07-04 16:00:00+0200,2018-07-05 20:30:00+0200,28.5,Long,SL,-1.0,6713.5,6501.0,6501.0,212.5,3.1653,STRUCTURAL_SL
35,V3-locked,2018-07-06 19:30:00+0200,2018-07-06 20:00:00+0200,0.5,Long,SL,-1.0,6570.03,6537.24,6537.24,32.79,0.4991,STRUCTURAL_SL
36,V3-locked,2018-07-08 01:30:00+0200,2018-07-10 04:00:00+0200,50.5,Long,SL,-0.5,6775.68,6520.43,6646.78,255.25,3.7671,H1_EMA100
37,V3-locked,2018-07-21 19:30:00+0200,2018-07-22 02:00:00+0200,6.5,Long,SL,-1.0,7406.75,7350.0,7350.0,56.75,0.7662,STRUCTURAL_SL
38,V3-locked,2018-07-26 01:00:00+0200,2018-07-26 22:30:00+0200,21.5,Long,SL,-1.0,8270.86,8124.0,8124.0,146.86,1.7756,STRUCTURAL_SL
39,V3-locked,2018-07-27 20:00:00+0200,2018-07-28 16:30:00+0200,20.5,Long,SL,-1.0,8177.93,8111.93,8111.93,66.0,0.8071,STRUCTURAL_SL
40,V3-locked,2018-07-29 16:00:00+0200,2018-07-30 02:00:00+0200,10.0,Long,SL,-1.0,8203.01,8115.0,8115.0,88.01,1.0729,STRUCTURAL_SL
41,V3-locked,2018-08-26 16:00:00+0200,2018-08-26 18:00:00+0200,2.0,Long,SL,-1.0,6723.09,6670.01,6670.01,53.08,0.7895,STRUCTURAL_SL
42,V3-locked,2018-08-30 00:00:00+0200,2018-08-30 01:00:00+0200,1.0,Long,SL,-1.0,7049.8,7029.08,7029.08,20.72,0.2939,STRUCTURAL_SL
43,V3-locked,2018-08-31 07:00:00+0200,2018-08-31 10:30:00+0200,3.5,Long,SL,-1.0,7010.11,6955.44,6955.44,54.67,0.7799,STRUCTURAL_SL
44,V3-locked,2018-09-22 20:30:00+0200,2018-09-24 08:30:00+0200,36.0,Long,SL,-1.0,6730.0,6640.0,6640.0,90.0,1.3373,STRUCTURAL_SL
45,V3-locked,2018-09-30 00:00:00+0200,2018-09-30 02:00:00+0200,2.0,Long,SL,-1.0,6598.97,6577.55,6577.55,21.42,0.3246,STRUCTURAL_SL
46,V3-locked,2018-09-30 12:30:00+0200,2018-09-30 22:00:00+0200,9.5,Long,SL,-1.0,6608.33,6575.52,6575.52,32.81,0.4965,STRUCTURAL_SL
47,V3-locked,2018-10-02 05:30:00+0200,2018-10-02 11:30:00+0200,6.0,Long,SL,-1.0,6614.51,6584.17,6584.17,30.34,0.4587,STRUCTURAL_SL
48,V3-locked,2018-10-08 01:00:00+0200,2018-10-09 16:00:00+0200,39.0,Long,TP,1.98,6592.0,6580.38,6615.0,11.62,0.1763,H1_EMA100
49,V3-locked,2018-10-10 00:00:00+0200,2018-10-10 02:00:00+0200,2.0,Long,SL,-1.0,6658.99,6645.43,6645.43,13.56,0.2036,STRUCTURAL_SL
50,V3-locked,2018-10-10 23:30:00+0200,2018-10-11 02:00:00+0200,2.5,Long,SL,-1.0,6626.0,6582.0,6582.0,44.0,0.6641,STRUCTURAL_SL
51,V3-locked,2018-10-17 04:00:00+0200,2018-10-17 12:00:00+0200,8.0,Long,SL,-1.0,6754.0,6705.39,6705.39,48.61,0.7197,STRUCTURAL_SL
52,V3-locked,2018-10-18 05:30:00+0200,2018-10-18 07:30:00+0200,2.0,Long,SL,-1.0,6777.99,6728.49,6728.49,49.5,0.7303,STRUCTURAL_SL
53,V3-locked,2018-10-20 16:00:00+0200,2018-10-20 17:00:00+0200,1.0,Long,SL,-0.66,6608.01,6580.31,6589.69,27.7,0.4192,H1_EMA100
54,V3-locked,2018-10-22 08:30:00+0200,2018-10-22 09:30:00+0200,1.0,Long,SL,-1.0,6635.07,6618.0,6618.0,17.07,0.2573,STRUCTURAL_SL
55,V3-locked,2018-12-23 01:00:00+0100,2018-12-25 01:00:00+0100,48.0,Long,SL,-1.0,3948.91,3819.0,3819.0,129.91,3.2898,STRUCTURAL_SL
56,V3-locked,2018-12-30 18:30:00+0100,2018-12-30 20:30:00+0100,2.0,Long,SL,-1.0,3781.98,3742.3,3742.3,39.68,1.0492,STRUCTURAL_SL
57,V3-locked,2019-01-05 01:00:00+0100,2019-01-05 11:00:00+0100,10.0,Long,SL,-1.0,3790.09,3778.51,3778.51,11.58,0.3055,STRUCTURAL_SL
58,V3-locked,2019-01-06 14:00:00+0100,2019-01-10 07:30:00+0100,89.5,Long,SL,-1.0,3791.12,3770.93,3770.93,20.19,0.5326,STRUCTURAL_SL
59,V3-locked,2019-02-10 22:00:00+0100,2019-02-11 17:30:00+0100,19.5,Long,SL,-1.0,3639.37,3615.53,3615.53,23.84,0.6551,STRUCTURAL_SL
60,V3-locked,2019-02-11 20:30:00+0100,2019-02-11 22:30:00+0100,2.0,Long,SL,-1.0,3642.63,3632.35,3632.35,10.28,0.2822,STRUCTURAL_SL
61,V3-locked,2019-02-12 20:30:00+0100,2019-02-12 22:30:00+0100,2.0,Long,SL,-1.0,3641.27,3625.5,3625.5,15.77,0.4331,STRUCTURAL_SL
62,V3-locked,2019-02-15 06:00:00+0100,2019-02-15 11:00:00+0100,5.0,Long,SL,-0.81,3619.64,3600.01,3603.67,19.63,0.5423,H1_EMA100
63,V3-locked,2019-02-16 04:00:00+0100,2019-02-17 14:00:00+0100,34.0,Long,TP,0.12,3612.19,3604.87,3613.07,7.32,0.2026,H1_EMA100
64,V3-locked,2019-02-18 00:00:00+0100,2019-02-24 16:00:00+0100,160.0,Long,TP,8.27,3641.25,3623.27,3789.98,17.98,0.4938,H1_EMA100
65,V3-locked,2019-03-03 03:30:00+0100,2019-03-03 05:00:00+0100,1.5,Long,SL,-0.18,3827.27,3813.47,3824.75,13.8,0.3606,H1_EMA100
66,V3-locked,2019-03-09 08:30:00+0100,2019-03-11 06:30:00+0100,46.0,Long,SL,-1.0,3929.77,3877.65,3877.65,52.12,1.3263,STRUCTURAL_SL
67,V3-locked,2019-03-12 14:30:00+0100,2019-03-12 16:30:00+0100,2.0,Long,SL,-1.0,3892.94,3883.0,3883.0,9.94,0.2553,STRUCTURAL_SL
68,V3-locked,2019-03-13 05:00:00+0100,2019-03-13 06:00:00+0100,1.0,Long,SL,-0.53,3887.89,3875.0,3881.0,12.89,0.3315,H1_EMA100
69,V3-locked,2019-03-14 17:30:00+0100,2019-03-14 20:00:00+0100,2.5,Long,SL,-0.09,3881.0,3810.43,3874.37,70.57,1.8183,H1_EMA100
70,V3-locked,2019-03-17 14:30:00+0100,2019-03-18 06:30:00+0100,16.0,Long,SL,-1.0,3983.83,3966.06,3966.06,17.77,0.4461,STRUCTURAL_SL
71,V3-locked,2019-03-19 01:30:00+0100,2019-03-19 05:00:00+0100,3.5,Long,SL,-1.0,3991.11,3982.04,3982.04,9.07,0.2273,STRUCTURAL_SL
72,V3-locked,2019-03-19 11:30:00+0100,2019-03-21 15:30:00+0100,52.0,Long,SL,-1.0,3992.92,3974.43,3974.43,18.49,0.4631,STRUCTURAL_SL
73,V3-locked,2019-03-22 20:30:00+0100,2019-03-22 21:00:00+0100,0.5,Long,SL,-1.0,3997.51,3990.03,3990.03,7.48,0.1871,STRUCTURAL_SL
74,V3-locked,2019-03-23 04:30:00+0100,2019-03-23 11:00:00+0100,6.5,Long,SL,-1.0,4000.74,3986.5,3986.5,14.24,0.3559,STRUCTURAL_SL
75,V3-locked,2019-03-23 17:00:00+0100,2019-03-23 18:00:00+0100,1.0,Long,SL,-0.55,4001.5,3981.5,3990.52,20.0,0.4998,H1_EMA100
76,V3-locked,2019-03-24 01:00:00+0100,2019-03-24 02:30:00+0100,1.5,Long,SL,-1.0,4006.01,3993.01,3993.01,13.0,0.3245,STRUCTURAL_SL
77,V3-locked,2019-03-25 05:00:00+0100,2019-03-25 05:30:00+0100,0.5,Long,SL,-1.0,3995.93,3988.36,3988.36,7.57,0.1894,STRUCTURAL_SL
78,V3-locked,2019-03-27 02:30:00+0100,2019-04-11 06:00:00+0200,362.5,Long,TP,26.55,3979.98,3936.15,5143.49,43.83,1.1013,H1_EMA100
79,V3-locked,2019-04-13 17:00:00+0200,2019-04-13 18:00:00+0200,1.0,Long,SL,-0.32,5064.0,5025.0,5051.65,39.0,0.7701,H1_EMA100
80,V3-locked,2019-04-14 16:30:00+0200,2019-04-14 18:00:00+0200,1.5,Long,TP,0.55,5052.45,5034.45,5062.34,18.0,0.3563,H1_EMA100
81,V3-locked,2019-04-16 19:30:00+0200,2019-04-21 12:00:00+0200,112.5,Long,TP,0.57,5154.2,5060.0,5208.33,94.2,1.8276,H1_EMA100
82,V3-locked,2019-04-22 12:00:00+0200,2019-04-24 13:00:00+0200,49.0,Long,TP,4.21,5266.4,5240.0,5377.6,26.4,0.5013,H1_EMA100
83,V3-locked,2019-04-25 19:00:00+0200,2019-04-25 23:30:00+0200,4.5,Long,SL,-1.0,5458.22,5425.94,5425.94,32.28,0.5914,STRUCTURAL_SL
84,V3-locked,2019-04-27 22:00:00+0200,2019-04-27 23:00:00+0200,1.0,Long,TP,0.05,5328.9,5297.8,5330.55,31.1,0.5836,H1_EMA100
85,V3-locked,2019-04-29 04:00:00+0200,2019-04-29 05:00:00+0200,1.0,Long,TP,0.11,5318.1,5296.16,5320.45,21.94,0.4126,H1_EMA100
86,V3-locked,2019-04-30 15:30:00+0200,2019-04-30 20:00:00+0200,4.5,Long,SL,-0.35,5310.01,5254.68,5290.39,55.33,1.042,H1_EMA100
87,V3-locked,2019-05-05 01:00:00+0200,2019-05-05 02:00:00+0200,1.0,Long,SL,-1.0,5861.87,5786.42,5786.42,75.45,1.2871,STRUCTURAL_SL
88,V3-locked,2019-05-05 22:30:00+0200,2019-05-06 02:30:00+0200,4.0,Long,SL,-1.0,5798.99,5760.0,5760.0,38.99,0.6724,STRUCTURAL_SL
89,V3-locked,2019-05-06 20:30:00+0200,2019-05-17 05:00:00+0200,248.5,Long,TP,28.81,5767.69,5708.0,7487.37,59.69,1.0349,H1_EMA100
90,V3-locked,2019-05-21 00:30:00+0200,2019-05-21 13:30:00+0200,13.0,Long,SL,-1.0,8000.44,7778.0,7778.0,222.44,2.7803,STRUCTURAL_SL
91,V3-locked,2019-05-23 22:00:00+0200,2019-05-26 14:00:00+0200,64.0,Long,TP,2.6,7759.16,7702.0,7907.98,57.16,0.7367,H1_EMA100
92,V3-locked,2019-05-26 21:30:00+0200,2019-05-30 23:00:00+0200,97.5,Long,TP,1.48,8161.52,7957.76,8462.73,203.76,2.4966,H1_EMA100
93,V3-locked,2019-05-31 23:30:00+0200,2019-06-01 08:00:00+0200,8.5,Long,SL,-0.48,8528.27,8420.03,8476.28,108.24,1.2692,H1_EMA100
94,V3-locked,2019-06-19 08:30:00+0200,2019-06-19 09:00:00+0200,0.5,Long,SL,-1.0,9155.0,9127.21,9127.21,27.79,0.3035,STRUCTURAL_SL
95,V3-locked,2019-06-20 00:00:00+0200,2019-06-27 19:00:00+0200,187.0,Long,TP,19.42,9211.08,9114.66,11083.43,96.42,1.0468,H1_EMA100
96,V3-locked,2019-06-28 14:00:00+0200,2019-06-28 14:30:00+0200,0.5,Long,SL,-1.0,12178.81,11864.46,11864.46,314.35,2.5811,STRUCTURAL_SL
97,V3-locked,2019-06-29 15:30:00+0200,2019-06-29 18:00:00+0200,2.5,Long,SL,-1.0,12039.33,11774.64,11774.64,264.69,2.1985,STRUCTURAL_SL
98,V3-locked,2019-07-02 21:00:00+0200,2019-07-02 22:00:00+0200,1.0,Long,TP,0.2,10724.65,10423.13,10784.0,301.52,2.8115,H1_EMA100
99,V3-locked,2019-07-06 06:00:00+0200,2019-07-06 10:00:00+0200,4.0,Long,SL,-1.0,11445.81,11280.47,11280.47,165.34,1.4445,STRUCTURAL_SL
100,V3-locked,2019-07-07 17:00:00+0200,2019-07-07 17:30:00+0200,0.5,Long,SL,-1.0,11307.1,11232.53,11232.53,74.57,0.6595,STRUCTURAL_SL
101,V3-locked,2019-07-07 20:30:00+0200,2019-07-10 22:00:00+0200,73.5,Long,TP,2.29,11408.43,11119.6,12070.96,288.83,2.5317,H1_EMA100
102,V3-locked,2019-08-04 18:00:00+0200,2019-08-10 14:00:00+0200,140.0,Long,TP,1.46,10944.22,10636.01,11395.23,308.21,2.8162,H1_EMA100
103,V3-locked,2019-08-12 01:00:00+0200,2019-08-12 01:30:00+0200,0.5,Long,SL,-1.0,11513.82,11480.02,11480.02,33.8,0.2936,STRUCTURAL_SL
104,V3-locked,2019-09-04 19:30:00+0200,2019-09-06 19:30:00+0200,48.0,Long,SL,-1.0,10622.52,10393.63,10393.63,228.89,2.1548,STRUCTURAL_SL
105,V3-locked,2019-09-07 23:30:00+0200,2019-09-08 13:00:00+0200,13.5,Long,SL,-1.0,10480.12,10420.0,10420.0,60.12,0.5737,STRUCTURAL_SL
106,V3-locked,2019-09-16 04:00:00+0200,2019-09-16 06:30:00+0200,2.5,Long,SL,-1.0,10339.55,10297.36,10297.36,42.19,0.408,STRUCTURAL_SL
107,V3-locked,2019-10-29 11:30:00+0100,2019-10-29 14:00:00+0100,2.5,Long,SL,-1.0,9447.66,9351.0,9351.0,96.66,1.0231,STRUCTURAL_SL
108,V3-locked,2019-10-30 00:30:00+0100,2019-10-30 01:00:00+0100,0.5,Long,SL,-1.0,9403.14,9377.7,9377.7,25.44,0.2705,STRUCTURAL_SL
109,V3-locked,2019-10-31 15:00:00+0100,2019-10-31 23:00:00+0100,8.0,Long,SL,-0.44,9290.5,8913.0,9126.2,377.5,4.0633,H1_EMA100
110,V3-locked,2019-11-01 19:30:00+0100,2019-11-03 12:00:00+0100,40.5,Long,SL,-0.25,9170.23,9060.0,9142.35,110.23,1.202,H1_EMA100
111,V3-locked,2019-11-04 13:00:00+0100,2019-11-05 09:00:00+0100,20.0,Long,SL,-0.3,9260.2,9143.68,9225.0,116.52,1.2583,H1_EMA100
112,V3-locked,2019-11-05 16:30:00+0100,2019-11-07 08:00:00+0100,39.5,Long,SL,-0.45,9343.73,9217.0,9287.1,126.73,1.3563,H1_EMA100
113,V3-locked,2020-01-06 03:30:00+0100,2020-01-09 18:00:00+0100,86.5,Long,TP,2.11,7513.11,7368.55,7818.15,144.56,1.9241,H1_EMA100
114,V3-locked,2020-01-10 16:30:00+0100,2020-01-19 13:00:00+0100,212.5,Long,TP,3.53,8033.69,7850.01,8681.44,183.68,2.2864,H1_EMA100
115,V3-locked,2020-01-21 22:30:00+0100,2020-01-22 10:00:00+0100,11.5,Long,SL,-0.3,8759.07,8488.0,8678.69,271.07,3.0947,H1_EMA100
116,V3-locked,2020-01-24 17:00:00+0100,2020-01-24 18:00:00+0100,1.0,Long,SL,-0.73,8507.8,8440.91,8459.1,66.89,0.7862,H1_EMA100
117,V3-locked,2020-02-01 03:30:00+0100,2020-02-01 12:00:00+0100,8.5,Long,SL,-1.0,9437.23,9341.17,9341.17,96.06,1.0179,STRUCTURAL_SL
118,V3-locked,2020-02-01 19:30:00+0100,2020-02-02 01:30:00+0100,6.0,Long,SL,-1.0,9396.13,9327.0,9327.0,69.13,0.7357,STRUCTURAL_SL
119,V3-locked,2020-02-02 12:00:00+0100,2020-02-03 00:00:00+0100,12.0,Long,SL,-1.0,9423.44,9352.5,9352.5,70.94,0.7528,STRUCTURAL_SL
120,V3-locked,2020-02-05 08:00:00+0100,2020-02-05 09:00:00+0100,1.0,Long,TP,0.22,9267.0,9232.03,9274.53,34.97,0.3774,H1_EMA100
121,V3-locked,2020-02-08 10:00:00+0100,2020-02-08 14:30:00+0100,4.5,Long,SL,-1.0,9805.2,9754.92,9754.92,50.28,0.5128,STRUCTURAL_SL
122,V3-locked,2020-02-11 17:00:00+0100,2020-02-14 09:00:00+0100,64.0,Long,SL,-0.13,10165.0,9847.0,10124.98,318.0,3.1284,H1_EMA100
123,V3-locked,2020-02-14 15:30:00+0100,2020-02-14 16:00:00+0100,0.5,Long,SL,-1.0,10311.27,10240.0,10240.0,71.27,0.6912,STRUCTURAL_SL
124,V3-locked,2020-02-18 17:30:00+0100,2020-02-19 22:30:00+0100,29.0,Long,SL,-1.0,9850.03,9576.01,9576.01,274.02,2.7819,STRUCTURAL_SL
125,V3-locked,2020-03-26 21:30:00+0100,2020-03-27 06:00:00+0100,8.5,Long,SL,-1.0,6702.54,6636.59,6636.59,65.95,0.984,STRUCTURAL_SL
126,V3-locked,2020-04-04 13:00:00+0200,2020-04-04 13:30:00+0200,0.5,Long,SL,-1.0,6873.18,6740.81,6740.81,132.37,1.9259,STRUCTURAL_SL
127,V3-locked,2020-04-04 21:00:00+0200,2020-04-05 19:00:00+0200,22.0,Long,SL,-1.0,6771.71,6711.76,6711.76,59.95,0.8853,STRUCTURAL_SL
128,V3-locked,2020-04-06 03:00:00+0200,2020-04-10 06:00:00+0200,99.0,Long,TP,3.04,6866.59,6765.0,7175.78,101.59,1.4795,H1_EMA100
129,V3-locked,2020-04-12 15:30:00+0200,2020-04-12 17:00:00+0200,1.5,Long,TP,0.84,6899.98,6820.0,6966.9,79.98,1.1591,H1_EMA100
130,V3-locked,2020-04-14 01:30:00+0200,2020-04-14 03:00:00+0200,1.5,Long,SL,-0.26,6840.72,6789.1,6827.49,51.62,0.7546,H1_EMA100
131,V3-locked,2020-04-20 06:00:00+0200,2020-04-20 10:00:00+0200,4.0,Long,SL,-1.0,7161.55,7145.78,7145.78,15.77,0.2202,STRUCTURAL_SL
132,V3-locked,2020-04-22 09:30:00+0200,2020-04-22 11:00:00+0200,1.5,Long,TP,0.16,6934.51,6850.54,6947.94,83.97,1.2109,H1_EMA100
133,V3-locked,2020-05-01 08:00:00+0200,2020-05-01 18:00:00+0200,10.0,Long,SL,-1.0,8815.27,8665.26,8665.26,150.01,1.7017,STRUCTURAL_SL
134,V3-locked,2020-05-02 00:30:00+0200,2020-05-04 03:00:00+0200,50.5,Long,SL,-1.0,8830.0,8663.28,8663.28,166.72,1.8881,STRUCTURAL_SL
135,V3-locked,2020-05-04 21:30:00+0200,2020-05-10 02:00:00+0200,124.5,Long,TP,5.53,8865.37,8743.58,9539.4,121.79,1.3738,H1_EMA100
136,V3-locked,2020-05-17 04:30:00+0200,2020-05-17 11:00:00+0200,6.5,Long,SL,-1.0,9528.54,9470.0,9470.0,58.54,0.6144,STRUCTURAL_SL
137,V3-locked,2020-05-19 01:30:00+0200,2020-05-19 02:00:00+0200,0.5,Long,SL,-1.0,9736.17,9666.67,9666.67,69.5,0.7138,STRUCTURAL_SL
138,V3-locked,2020-05-19 12:00:00+0200,2020-05-20 17:00:00+0200,29.0,Long,SL,-1.0,9792.0,9550.0,9550.0,242.0,2.4714,STRUCTURAL_SL
139,V3-locked,2020-05-24 00:00:00+0200,2020-05-24 01:00:00+0200,1.0,Long,SL,-0.02,9226.0,9164.01,9225.0,61.99,0.6719,H1_EMA100
140,V3-locked,2020-05-30 07:00:00+0200,2020-06-02 17:00:00+0200,82.0,Long,TP,0.36,9515.36,9331.23,9581.47,184.13,1.9351,H1_EMA100
141,V3-locked,2020-06-04 03:00:00+0200,2020-06-04 11:00:00+0200,8.0,Long,SL,-1.0,9629.78,9593.34,9593.34,36.44,0.3784,STRUCTURAL_SL
142,V3-locked,2020-06-04 15:30:00+0200,2020-06-06 00:00:00+0200,32.5,Long,SL,-0.23,9736.32,9450.0,9669.23,286.32,2.9407,H1_EMA100
143,V3-locked,2020-06-08 00:30:00+0200,2020-06-08 10:00:00+0200,9.5,Long,SL,-1.0,9736.8,9692.0,9692.0,44.8,0.4601,STRUCTURAL_SL
144,V3-locked,2020-06-09 17:00:00+0200,2020-06-09 21:00:00+0200,4.0,Long,SL,-1.0,9713.75,9682.0,9682.0,31.75,0.3269,STRUCTURAL_SL
145,V3-locked,2020-07-11 02:00:00+0200,2020-07-11 11:00:00+0200,9.0,Long,SL,-1.0,9288.34,9224.52,9224.52,63.82,0.6871,STRUCTURAL_SL
146,V3-locked,2020-07-12 03:30:00+0200,2020-07-12 14:00:00+0200,10.5,Long,SL,-0.43,9256.51,9230.61,9245.28,25.9,0.2798,H1_EMA100
147,V3-locked,2020-07-13 01:00:00+0200,2020-07-13 21:00:00+0200,20.0,Long,SL,-1.0,9298.47,9220.39,9220.39,78.08,0.8397,STRUCTURAL_SL
148,V3-locked,2020-07-14 22:00:00+0200,2020-07-14 23:00:00+0200,1.0,Long,SL,-1.0,9268.89,9242.28,9242.28,26.61,0.2871,STRUCTURAL_SL
149,V3-locked,2020-07-24 17:00:00+0200,2020-08-02 07:00:00+0200,206.0,Long,TP,40.47,9537.77,9497.44,11169.84,40.33,0.4228,H1_EMA100
150,V3-locked,2020-08-03 17:30:00+0200,2020-08-03 23:30:00+0200,6.0,Long,SL,-1.0,11359.6,11271.95,11271.95,87.65,0.7716,STRUCTURAL_SL
151,V3-locked,2020-08-05 08:30:00+0200,2020-08-07 20:00:00+0200,59.5,Long,TP,3.38,11299.94,11230.0,11536.32,69.94,0.6189,H1_EMA100
152,V3-locked,2020-08-08 13:30:00+0200,2020-08-09 16:00:00+0200,26.5,Long,SL,-0.73,11759.09,11562.17,11615.28,196.92,1.6746,H1_EMA100
153,V3-locked,2020-08-10 03:00:00+0200,2020-08-10 12:00:00+0200,9.0,Long,SL,-1.0,11739.09,11652.58,11652.58,86.51,0.7369,STRUCTURAL_SL
154,V3-locked,2020-08-12 17:30:00+0200,2020-08-12 19:00:00+0200,1.5,Long,SL,-0.64,11580.08,11530.0,11547.9,50.08,0.4325,H1_EMA100
155,V3-locked,2020-08-13 23:00:00+0200,2020-08-16 14:00:00+0200,63.0,Long,TP,1.61,11599.83,11506.16,11750.65,93.67,0.8075,H1_EMA100
156,V3-locked,2020-08-17 01:00:00+0200,2020-08-17 02:00:00+0200,1.0,Long,SL,-1.0,11907.16,11830.35,11830.35,76.81,0.6451,STRUCTURAL_SL
157,V3-locked,2020-08-17 12:00:00+0200,2020-08-17 15:00:00+0200,3.0,Long,SL,-1.0,11856.31,11804.54,11804.54,51.77,0.4366,STRUCTURAL_SL
158,V3-locked,2020-08-20 17:30:00+0200,2020-08-20 19:00:00+0200,1.5,Long,TP,0.36,11814.21,11738.81,11840.99,75.4,0.6382,H1_EMA100
159,V3-locked,2020-08-23 00:00:00+0200,2020-08-23 01:00:00+0200,1.0,Long,SL,-0.03,11667.01,11570.27,11664.15,96.74,0.8292,H1_EMA100
160,V3-locked,2020-08-23 18:30:00+0200,2020-08-23 20:00:00+0200,1.5,Long,TP,0.08,11624.4,11514.13,11632.75,110.27,0.9486,H1_EMA100
161,V3-locked,2020-09-01 07:00:00+0200,2020-09-02 11:00:00+0200,28.0,Long,TP,0.22,11692.67,11605.87,11711.61,86.8,0.7423,H1_EMA100
162,V3-locked,2020-09-17 23:30:00+0200,2020-09-18 00:30:00+0200,1.0,Long,SL,-1.0,10924.57,10910.0,10910.0,14.57,0.1334,STRUCTURAL_SL
163,V3-locked,2020-09-19 03:00:00+0200,2020-09-20 14:00:00+0200,35.0,Long,SL,-1.0,10972.79,10884.38,10884.38,88.41,0.8057,STRUCTURAL_SL
164,V3-locked,2020-09-21 06:30:00+0200,2020-09-21 09:00:00+0200,2.5,Long,SL,-1.0,10983.02,10918.44,10918.44,64.58,0.588,STRUCTURAL_SL
165,V3-locked,2020-09-30 02:00:00+0200,2020-09-30 05:30:00+0200,3.5,Long,SL,-1.0,10840.58,10746.74,10746.74,93.84,0.8656,STRUCTURAL_SL
166,V3-locked,2020-09-30 19:30:00+0200,2020-09-30 20:00:00+0200,0.5,Long,SL,-1.0,10762.3,10720.93,10720.93,41.37,0.3844,STRUCTURAL_SL
167,V3-locked,2020-10-01 02:30:00+0200,2020-10-01 17:30:00+0200,15.0,Long,SL,-1.0,10797.44,10735.0,10735.0,62.44,0.5783,STRUCTURAL_SL
168,V3-locked,2020-10-12 17:00:00+0200,2020-10-14 18:00:00+0200,49.0,Long,SL,-0.64,11468.87,11236.13,11320.76,232.74,2.0293,H1_EMA100
169,V3-locked,2020-10-18 02:00:00+0200,2020-10-26 18:00:00+0100,209.0,Long,TP,58.23,11360.31,11334.82,12844.52,25.49,0.2244,H1_EMA100
170,V3-locked,2020-10-27 03:00:00+0100,2020-10-27 03:30:00+0100,0.5,Long,SL,-1.0,13094.12,13058.67,13058.67,35.45,0.2707,STRUCTURAL_SL
171,V3-locked,2020-10-29 17:30:00+0100,2020-10-30 01:00:00+0100,7.5,Long,SL,-1.0,13558.25,13356.74,13356.74,201.51,1.4863,STRUCTURAL_SL
172,V3-locked,2020-10-30 17:30:00+0100,2020-11-02 10:00:00+0100,64.5,Long,SL,-0.2,13503.53,13221.35,13446.65,282.18,2.0897,H1_EMA100
173,V3-locked,2020-11-03 15:30:00+0100,2020-11-04 09:00:00+0100,17.5,Long,SL,-0.4,13687.36,13471.0,13600.46,216.36,1.5807,H1_EMA100
174,V3-locked,2020-11-08 16:00:00+0100,2020-11-09 15:30:00+0100,23.5,Long,SL,-1.0,15343.83,15106.01,15106.01,237.82,1.5499,STRUCTURAL_SL
175,V3-locked,2020-11-10 06:00:00+0100,2020-11-10 06:30:00+0100,0.5,Long,SL,-1.0,15387.74,15323.0,15323.0,64.74,0.4207,STRUCTURAL_SL
176,V3-locked,2020-11-10 10:00:00+0100,2020-11-10 12:00:00+0100,2.0,Long,SL,-1.0,15371.36,15250.47,15250.47,120.89,0.7865,STRUCTURAL_SL
177,V3-locked,2020-11-11 00:30:00+0100,2020-11-14 11:00:00+0100,82.5,Long,TP,7.33,15324.33,15260.17,15794.85,64.16,0.4187,H1_EMA100
178,V3-locked,2020-11-15 10:00:00+0100,2020-11-15 11:00:00+0100,1.0,Long,SL,-1.0,16118.0,16003.32,16003.32,114.68,0.7115,STRUCTURAL_SL
179,V3-locked,2020-11-16 06:30:00+0100,2020-11-22 13:00:00+0100,150.5,Long,TP,8.98,16119.47,15922.57,17887.82,196.9,1.2215,H1_EMA100
180,V3-locked,2020-11-22 22:30:00+0100,2020-11-23 00:00:00+0100,1.5,Long,SL,-1.0,18599.02,18487.52,18487.52,111.5,0.5995,STRUCTURAL_SL
181,V3-locked,2020-11-23 09:30:00+0100,2020-11-23 14:00:00+0100,4.5,Long,SL,-1.0,18633.85,18428.39,18428.39,205.46,1.1026,STRUCTURAL_SL
182,V3-locked,2020-11-24 10:30:00+0100,2020-11-26 01:00:00+0100,38.5,Long,SL,-0.32,18888.47,18360.0,18719.11,528.47,2.7978,H1_EMA100
183,V3-locked,2020-12-01 16:00:00+0100,2020-12-02 06:00:00+0100,14.0,Long,SL,-0.57,19285.3,18001.12,18550.96,1284.18,6.6589,H1_EMA100
184,V3-locked,2020-12-02 12:30:00+0100,2020-12-02 13:30:00+0100,1.0,Long,SL,-1.0,19132.43,18833.0,18833.0,299.43,1.565,STRUCTURAL_SL
185,V3-locked,2020-12-02 21:00:00+0100,2020-12-03 02:30:00+0100,5.5,Long,SL,-1.0,19101.1,18964.08,18964.08,137.02,0.7173,STRUCTURAL_SL
186,V3-locked,2020-12-06 19:00:00+0100,2020-12-07 19:00:00+0100,24.0,Long,SL,-1.0,19127.86,19018.0,19018.0,109.86,0.5743,STRUCTURAL_SL
187,V3-locked,2020-12-08 07:00:00+0100,2020-12-08 07:30:00+0100,0.5,Long,SL,-1.0,19293.76,19166.65,19166.65,127.11,0.6588,STRUCTURAL_SL
188,V3-locked,2020-12-22 16:00:00+0100,2020-12-23 12:00:00+0100,20.0,Long,SL,-1.0,23439.99,23103.98,23103.98,336.01,1.4335,STRUCTURAL_SL
189,V3-locked,2020-12-24 20:00:00+0100,2021-01-04 11:00:00+0100,255.0,Long,TP,50.32,23314.23,23160.73,31038.63,153.5,0.6584,H1_EMA100
190,V3-locked,2021-01-05 17:00:00+0100,2021-01-10 19:00:00+0100,122.0,Long,TP,6.55,32099.97,31111.78,38571.86,988.19,3.0785,H1_EMA100
191,V3-locked,2021-01-12 08:00:00+0100,2021-01-12 09:00:00+0100,1.0,Long,TP,0.4,35998.56,34971.24,36413.6,1027.32,2.8538,H1_EMA100
192,V3-locked,2021-01-13 12:30:00+0100,2021-01-13 13:00:00+0100,0.5,Long,SL,-1.0,34869.76,34200.0,34200.0,669.76,1.9207,STRUCTURAL_SL
193,V3-locked,2021-01-16 13:00:00+0100,2021-01-16 13:30:00+0100,0.5,Long,SL,-1.0,37680.0,37179.41,37179.41,500.59,1.3285,STRUCTURAL_SL
194,V3-locked,2021-01-17 23:30:00+0100,2021-01-18 00:30:00+0100,1.0,Long,SL,-1.0,36482.45,35559.84,35559.84,922.61,2.5289,STRUCTURAL_SL
195,V3-locked,2021-01-18 10:30:00+0100,2021-01-18 12:00:00+0100,1.5,Long,SL,-0.64,36386.35,36120.35,36216.63,266.0,0.731,H1_EMA100
196,V3-locked,2021-01-30 23:30:00+0100,2021-01-31 01:30:00+0100,2.0,Long,SL,-1.0,34563.55,33966.4,33966.4,597.15,1.7277,STRUCTURAL_SL
197,V3-locked,2021-02-04 19:30:00+0100,2021-02-05 02:30:00+0100,7.0,Long,SL,-1.0,37376.27,36761.89,36761.89,614.38,1.6438,STRUCTURAL_SL
198,V3-locked,2021-02-05 08:00:00+0100,2021-02-07 17:00:00+0100,57.0,Long,TP,1.55,37374.39,37021.8,37921.11,352.59,0.9434,H1_EMA100
199,V3-locked,2021-02-08 09:00:00+0100,2021-02-08 11:00:00+0100,2.0,Long,SL,-1.0,39269.78,38874.63,38874.63,395.15,1.0062,STRUCTURAL_SL
200,V3-locked,2021-02-11 13:00:00+0100,2021-02-15 04:00:00+0100,87.0,Long,TP,1.14,46061.48,45351.0,46874.02,710.48,1.5425,H1_EMA100
201,V3-locked,2021-02-15 18:30:00+0100,2021-02-16 01:00:00+0100,6.5,Long,SL,-1.0,48678.78,47472.92,47472.92,1205.86,2.4772,STRUCTURAL_SL
202,V3-locked,2021-02-17 00:00:00+0100,2021-02-22 11:00:00+0100,131.0,Long,TP,7.46,49113.91,48355.8,54766.39,758.11,1.5436,H1_EMA100
203,V3-locked,2021-02-25 03:00:00+0100,2021-02-25 04:00:00+0100,1.0,Long,TP,0.06,50505.26,48028.18,50650.95,2477.08,4.9046,H1_EMA100
204,V3-locked,2021-02-25 13:00:00+0100,2021-02-25 16:00:00+0100,3.0,Long,TP,0.31,50299.0,48581.71,50830.88,1717.29,3.4142,H1_EMA100
205,V3-locked,2021-03-05 21:00:00+0100,2021-03-06 05:00:00+0100,8.0,Long,SL,-1.0,49285.76,48200.0,48200.0,1085.76,2.203,STRUCTURAL_SL
206,V3-locked,2021-03-06 23:00:00+0100,2021-03-15 09:00:00+0100,202.0,Long,TP,29.47,48577.22,48264.63,57789.76,312.59,0.6435,H1_EMA100
207,V3-locked,2021-03-17 20:30:00+0100,2021-03-19 02:00:00+0100,29.5,Long,SL,-0.33,57735.59,55162.6,56880.0,2572.99,4.4565,H1_EMA100
208,V3-locked,2021-03-19 08:30:00+0100,2021-03-19 09:00:00+0100,0.5,Long,SL,-1.0,58238.76,57603.92,57603.92,634.84,1.0901,STRUCTURAL_SL
209,V3-locked,2021-03-19 09:30:00+0100,2021-03-21 01:00:00+0100,39.5,Long,SL,-0.05,58132.94,57499.63,58102.28,633.31,1.0894,H1_EMA100
210,V3-locked,2021-03-22 08:30:00+0100,2021-03-22 09:30:00+0100,1.0,Long,SL,-1.0,57817.99,57315.22,57315.22,502.77,0.8696,STRUCTURAL_SL
211,V3-locked,2021-03-24 10:00:00+0100,2021-03-24 18:00:00+0100,8.0,Long,SL,-0.2,56280.4,53700.0,55762.89,2580.4,4.5849,H1_EMA100
212,V3-locked,2021-03-29 11:00:00+0200,2021-04-03 20:00:00+0200,129.0,Long,TP,0.85,57129.58,55854.55,58210.13,1275.03,2.2318,H1_EMA100
213,V3-locked,2021-04-05 16:30:00+0200,2021-04-06 16:00:00+0200,23.5,Long,SL,-1.0,58636.59,57746.74,57746.74,889.85,1.5176,STRUCTURAL_SL
214,V3-locked,2021-04-08 15:30:00+0200,2021-04-16 07:00:00+0200,183.5,Long,TP,3.71,57445.77,56311.77,61658.05,1134.0,1.974,H1_EMA100
215,V3-locked,2021-04-17 06:30:00+0200,2021-04-17 08:00:00+0200,1.5,Long,SL,-1.0,62234.11,61911.13,61911.13,322.98,0.519,STRUCTURAL_SL
216,V3-locked,2021-05-03 04:00:00+0200,2021-05-04 02:30:00+0200,22.5,Long,SL,-1.0,58042.83,56212.0,56212.0,1830.83,3.1543,STRUCTURAL_SL
217,V3-locked,2021-05-05 15:30:00+0200,2021-05-06 21:00:00+0200,29.5,Long,SL,-0.17,55903.0,55000.0,55753.57,903.0,1.6153,H1_EMA100
218,V3-locked,2021-05-07 15:30:00+0200,2021-05-09 15:00:00+0200,47.5,Long,SL,-0.78,57160.38,56228.24,56433.53,932.14,1.6307,H1_EMA100
219,V3-locked,2021-05-10 03:30:00+0200,2021-05-10 11:30:00+0200,8.0,Long,SL,-1.0,58683.04,58009.96,58009.96,673.08,1.147,STRUCTURAL_SL
220,V3-locked,2021-05-11 22:30:00+0200,2021-05-12 00:00:00+0200,1.5,Long,SL,-0.45,56726.95,56249.38,56510.26,477.57,0.8419,H1_EMA100
221,V3-locked,2021-05-12 16:00:00+0200,2021-05-12 17:00:00+0200,1.0,Long,SL,-0.65,56760.1,55700.0,56073.03,1060.1,1.8677,H1_EMA100
222,V3-locked,2021-07-27 14:30:00+0200,2021-07-30 14:00:00+0200,71.5,Long,TP,0.76,37996.73,37144.0,38642.46,852.73,2.2442,H1_EMA100
223,V3-locked,2021-07-30 23:30:00+0200,2021-08-02 01:00:00+0200,49.5,Long,SL,-0.33,40873.43,39058.96,40268.63,1814.47,4.4392,H1_EMA100
224,V3-locked,2021-08-04 16:30:00+0200,2021-08-05 09:00:00+0200,16.5,Long,SL,-0.01,39097.91,37508.56,39088.18,1589.35,4.0651,H1_EMA100
225,V3-locked,2021-08-05 19:30:00+0200,2021-08-12 14:00:00+0200,162.5,Long,TP,2.78,40185.69,38545.59,44752.56,1640.1,4.0813,H1_EMA100
226,V3-locked,2021-08-13 10:30:00+0200,2021-08-15 10:00:00+0200,47.5,Long,SL,-0.17,46061.18,44217.39,45742.92,1843.79,4.0029,H1_EMA100
227,V3-locked,2021-08-16 01:00:00+0200,2021-08-16 16:00:00+0200,15.0,Long,SL,-0.68,47210.67,46070.52,46440.28,1140.15,2.415,H1_EMA100
228,V3-locked,2021-08-17 14:30:00+0200,2021-08-17 15:00:00+0200,0.5,Long,SL,-1.0,47013.09,46586.97,46586.97,426.12,0.9064,STRUCTURAL_SL
229,V3-locked,2021-08-18 20:00:00+0200,2021-08-18 20:30:00+0200,0.5,Long,SL,-1.0,45813.9,45593.22,45593.22,220.68,0.4817,STRUCTURAL_SL
230,V3-locked,2021-08-19 18:00:00+0200,2021-08-24 16:00:00+0200,118.0,Long,TP,2.03,45779.59,44391.55,48597.19,1388.04,3.032,H1_EMA100
231,V3-locked,2021-08-25 20:30:00+0200,2021-08-26 05:00:00+0200,8.5,Long,SL,-1.0,48884.68,48507.71,48507.71,376.97,0.7711,STRUCTURAL_SL
232,V3-locked,2021-08-29 22:00:00+0200,2021-08-29 23:30:00+0200,1.5,Long,SL,-1.0,48799.28,48688.48,48688.48,110.8,0.2271,STRUCTURAL_SL
233,V3-locked,2021-08-30 23:00:00+0200,2021-08-30 23:30:00+0200,0.5,Long,SL,-1.0,48622.06,48350.0,48350.0,272.06,0.5595,STRUCTURAL_SL
234,V3-locked,2021-09-01 13:00:00+0200,2021-09-01 14:00:00+0200,1.0,Long,TP,0.46,47515.73,47090.31,47713.31,425.42,0.8953,H1_EMA100
235,V3-locked,2021-09-03 07:00:00+0200,2021-09-07 12:00:00+0200,101.0,Long,TP,0.83,49707.19,48316.84,50860.5,1390.35,2.7971,H1_EMA100
236,V3-locked,2021-09-17 06:00:00+0200,2021-09-17 09:30:00+0200,3.5,Long,SL,-1.0,47899.83,47715.35,47715.35,184.48,0.3851,STRUCTURAL_SL
237,V3-locked,2021-09-18 06:30:00+0200,2021-09-19 14:00:00+0200,31.5,Long,SL,-0.73,48106.99,47035.56,47327.73,1071.43,2.2272,H1_EMA100
238,V3-locked,2021-10-04 19:00:00+0200,2021-10-12 21:00:00+0200,194.0,Long,TP,4.11,48589.99,46891.0,55575.27,1698.99,3.4966,H1_EMA100
239,V3-locked,2021-10-13 20:00:00+0200,2021-10-17 23:00:00+0200,99.0,Long,TP,2.95,56891.11,56039.78,59401.12,851.33,1.4964,H1_EMA100
240,V3-locked,2021-10-18 02:30:00+0200,2021-10-18 11:30:00+0200,9.0,Long,SL,-1.0,61954.0,61166.07,61166.07,787.93,1.2718,STRUCTURAL_SL
241,V3-locked,2021-10-25 03:00:00+0200,2021-10-26 17:00:00+0200,38.0,Long,TP,0.1,61813.4,60650.0,61926.35,1163.4,1.8821,H1_EMA100
242,V3-locked,2021-10-28 12:00:00+0200,2021-10-28 20:30:00+0200,8.5,Long,SL,-1.0,61049.58,60387.66,60387.66,661.92,1.0842,STRUCTURAL_SL
243,V3-locked,2021-10-30 15:30:00+0200,2021-10-30 16:00:00+0200,0.5,Long,SL,-1.0,61700.0,61305.0,61305.0,395.0,0.6402,STRUCTURAL_SL
244,V3-locked,2021-10-31 02:30:00+0200,2021-10-31 06:00:00+0100,4.5,Long,SL,-1.0,62246.3,61175.01,61175.01,1071.29,1.7211,STRUCTURAL_SL
245,V3-locked,2021-11-01 02:00:00+0100,2021-11-01 03:00:00+0100,1.0,Long,SL,-1.0,61560.49,61115.33,61115.33,445.16,0.7231,STRUCTURAL_SL
246,V3-locked,2021-11-01 09:30:00+0100,2021-11-01 18:00:00+0100,8.5,Long,SL,-0.57,62045.87,60284.0,61034.83,1761.87,2.8396,H1_EMA100
247,V3-locked,2021-11-02 07:00:00+0100,2021-11-03 15:00:00+0100,32.0,Long,TP,0.07,61754.25,60770.82,61821.07,983.43,1.5925,H1_EMA100
248,V3-locked,2021-11-04 00:00:00+0100,2021-11-04 02:00:00+0100,2.0,Long,SL,-1.0,62794.49,62555.0,62555.0,239.49,0.3814,STRUCTURAL_SL
249,V3-locked,2021-11-05 07:30:00+0100,2021-11-05 10:00:00+0100,2.5,Long,SL,-1.0,62447.09,61880.88,61880.88,566.21,0.9067,STRUCTURAL_SL
250,V3-locked,2021-11-07 00:00:00+0100,2021-11-10 23:00:00+0100,95.0,Long,TP,11.62,61361.41,61112.68,64251.23,248.73,0.4054,H1_EMA100
251,V3-locked,2021-11-13 17:00:00+0100,2021-11-13 20:00:00+0100,3.0,Long,SL,-0.44,64689.0,63427.86,64134.69,1261.14,1.9495,H1_EMA100
252,V3-locked,2021-11-15 01:00:00+0100,2021-11-15 16:30:00+0100,15.5,Long,SL,-1.0,65519.11,64341.77,64341.77,1177.34,1.7969,STRUCTURAL_SL
253,V3-locked,2021-12-25 22:30:00+0100,2021-12-25 23:00:00+0100,0.5,Long,SL,-1.0,50999.13,50732.58,50732.58,266.55,0.5227,STRUCTURAL_SL
254,V3-locked,2021-12-26 23:30:00+0100,2021-12-28 02:00:00+0100,26.5,Long,SL,-0.53,50848.36,49914.73,50350.23,933.63,1.8361,H1_EMA100
255,V3-locked,2022-02-08 23:30:00+0100,2022-02-11 01:30:00+0100,50.0,Long,SL,-1.0,44052.83,42700.0,42700.0,1352.83,3.0709,STRUCTURAL_SL
256,V3-locked,2022-02-14 14:30:00+0100,2022-02-14 16:00:00+0100,1.5,Long,SL,-0.15,42620.4,41961.13,42519.99,659.27,1.5468,H1_EMA100
257,V3-locked,2022-02-16 21:30:00+0100,2022-02-17 05:00:00+0100,7.5,Long,SL,-1.0,44229.91,43506.64,43506.64,723.27,1.6353,STRUCTURAL_SL
258,V3-locked,2022-03-18 17:30:00+0100,2022-03-20 19:00:00+0100,49.5,Long,SL,-0.34,41339.94,40442.0,41033.01,897.94,2.1721,H1_EMA100
259,V3-locked,2022-03-22 04:00:00+0100,2022-03-31 17:00:00+0200,228.0,Long,TP,6.02,41841.09,41035.2,46690.48,805.89,1.9261,H1_EMA100
260,V3-locked,2022-04-01 19:30:00+0200,2022-04-01 23:00:00+0200,3.5,Long,SL,-0.09,46280.0,44701.01,46145.38,1578.99,3.4118,H1_EMA100
261,V3-locked,2022-04-03 11:30:00+0200,2022-04-03 12:30:00+0200,1.0,Long,SL,-1.0,46356.49,46168.92,46168.92,187.57,0.4046,STRUCTURAL_SL
262,V3-locked,2022-04-05 01:00:00+0200,2022-04-05 15:00:00+0200,14.0,Long,SL,-1.0,46666.67,46372.05,46372.05,294.62,0.6313,STRUCTURAL_SL
263,V3-locked,2022-06-03 01:00:00+0200,2022-06-03 03:00:00+0200,2.0,Long,SL,-0.33,30482.95,30235.7,30401.53,247.25,0.8111,H1_EMA100
264,V3-locked,2022-06-07 22:30:00+0200,2022-06-08 05:30:00+0200,7.0,Long,SL,-1.0,31347.74,30131.88,30131.88,1215.86,3.8786,STRUCTURAL_SL
265,V3-locked,2022-06-09 11:30:00+0200,2022-06-09 13:30:00+0200,2.0,Long,SL,-1.0,30584.25,30360.27,30360.27,223.98,0.7323,STRUCTURAL_SL
266,V3-locked,2022-07-09 17:30:00+0200,2022-07-10 02:00:00+0200,8.5,Long,SL,-1.0,21642.86,21517.16,21517.16,125.7,0.5808,STRUCTURAL_SL
267,V3-locked,2022-07-18 07:30:00+0200,2022-07-22 22:00:00+0200,110.5,Long,TP,2.9,21591.2,21248.54,22586.26,342.66,1.587,H1_EMA100
268,V3-locked,2022-07-24 09:30:00+0200,2022-07-24 12:00:00+0200,2.5,Long,SL,-0.25,22737.0,22257.15,22617.09,479.85,2.1104,H1_EMA100
269,V3-locked,2022-08-02 20:30:00+0200,2022-08-02 22:00:00+0200,1.5,Long,SL,-0.6,23170.73,22806.52,22951.21,364.21,1.5719,H1_EMA100
270,V3-locked,2022-08-03 11:00:00+0200,2022-08-04 00:30:00+0200,13.5,Long,SL,-1.0,23293.27,22954.0,22954.0,339.27,1.4565,STRUCTURAL_SL
271,V3-locked,2022-08-05 07:00:00+0200,2022-08-05 15:00:00+0200,8.0,Long,SL,-0.25,23152.02,22612.42,23018.93,539.6,2.3307,H1_EMA100
272,V3-locked,2022-08-07 19:30:00+0200,2022-08-08 01:00:00+0200,5.5,Long,SL,-1.0,23217.73,23082.76,23082.76,134.97,0.5813,STRUCTURAL_SL
273,V3-locked,2022-08-10 15:30:00+0200,2022-08-12 13:00:00+0200,45.5,Long,SL,-0.34,24134.99,23004.58,23747.98,1130.41,4.6837,H1_EMA100
274,V3-locked,2022-08-12 23:00:00+0200,2022-08-14 20:00:00+0200,45.0,Long,TP,0.01,24225.2,24048.29,24226.46,176.91,0.7303,H1_EMA100
275,V3-locked,2022-08-15 05:00:00+0200,2022-08-15 08:30:00+0200,3.5,Long,SL,-1.0,24918.29,24330.96,24330.96,587.33,2.357,STRUCTURAL_SL
276,V3-locked,2022-08-17 08:00:00+0200,2022-08-17 09:00:00+0200,1.0,Long,SL,-1.0,24165.26,23996.88,23996.88,168.38,0.6968,STRUCTURAL_SL
277,V3-locked,2022-10-05 19:00:00+0200,2022-10-07 00:00:00+0200,29.0,Long,SL,-0.64,20231.58,19730.0,19909.36,501.58,2.4792,H1_EMA100
278,V3-locked,2022-10-27 21:30:00+0200,2022-10-27 22:00:00+0200,0.5,Long,SL,-1.0,20650.78,20550.0,20550.0,100.78,0.488,STRUCTURAL_SL
279,V3-locked,2022-10-28 19:00:00+0200,2022-10-31 02:00:00+0100,56.0,Long,SL,-0.55,20703.85,20411.03,20542.43,292.82,1.4143,H1_EMA100
280,V3-locked,2022-10-31 14:30:00+0100,2022-10-31 15:00:00+0100,0.5,Long,SL,-1.0,20679.11,20449.86,20449.86,229.25,1.1086,STRUCTURAL_SL
281,V3-locked,2022-11-01 08:30:00+0100,2022-11-01 13:00:00+0100,4.5,Long,SL,-0.44,20566.77,20466.71,20522.79,100.06,0.4865,H1_EMA100
282,V3-locked,2022-11-02 05:30:00+0100,2022-11-02 07:00:00+0100,1.5,Long,SL,-0.62,20535.47,20457.62,20487.39,77.85,0.3791,H1_EMA100
283,V3-locked,2022-11-04 05:30:00+0100,2022-11-07 01:00:00+0100,67.5,Long,TP,5.59,20345.24,20245.0,20905.58,100.24,0.4927,H1_EMA100
284,V3-locked,2022-12-02 14:30:00+0100,2022-12-02 15:00:00+0100,0.5,Long,SL,-1.0,17023.51,16946.13,16946.13,77.38,0.4545,STRUCTURAL_SL
285,V3-locked,2022-12-02 22:30:00+0100,2022-12-03 08:30:00+0100,10.0,Long,SL,-1.0,17016.08,16930.03,16930.03,86.05,0.5057,STRUCTURAL_SL
286,V3-locked,2022-12-04 06:30:00+0100,2022-12-04 12:30:00+0100,6.0,Long,SL,-1.0,17040.62,16948.0,16948.0,92.62,0.5435,STRUCTURAL_SL
287,V3-locked,2022-12-04 16:00:00+0100,2022-12-05 20:00:00+0100,28.0,Long,SL,-1.0,17007.72,16930.89,16930.89,76.83,0.4517,STRUCTURAL_SL
288,V3-locked,2022-12-07 03:00:00+0100,2022-12-07 07:00:00+0100,4.0,Long,SL,-0.44,17041.0,16958.98,17004.51,82.02,0.4813,H1_EMA100
289,V3-locked,2022-12-08 17:00:00+0100,2022-12-11 22:00:00+0100,77.0,Long,TP,2.08,16917.39,16829.26,17100.97,88.13,0.5209,H1_EMA100
290,V3-locked,2022-12-12 22:30:00+0100,2022-12-15 15:00:00+0100,64.5,Long,TP,1.6,17183.41,16981.03,17506.34,202.38,1.1778,H1_EMA100
291,V3-locked,2023-01-05 16:30:00+0100,2023-01-06 12:00:00+0100,19.5,Long,SL,-0.85,16847.12,16753.0,16767.06,94.12,0.5587,H1_EMA100
292,V3-locked,2023-01-06 20:30:00+0100,2023-01-18 22:00:00+0100,289.5,Long,TP,80.45,16859.77,16811.63,20732.6,48.14,0.2855,H1_EMA100
293,V3-locked,2023-01-19 21:00:00+0100,2023-01-25 03:00:00+0100,126.0,Long,TP,4.65,21092.1,20791.13,22490.64,300.97,1.4269,H1_EMA100
294,V3-locked,2023-01-25 22:30:00+0100,2023-01-27 02:30:00+0100,28.0,Long,SL,-1.0,22989.63,22651.75,22651.75,337.88,1.4697,STRUCTURAL_SL
295,V3-locked,2023-01-29 02:30:00+0100,2023-01-30 11:00:00+0100,32.5,Long,SL,-0.47,23386.46,22967.76,23191.2,418.7,1.7904,H1_EMA100
296,V3-locked,2023-01-31 18:30:00+0100,2023-01-31 22:00:00+0100,3.5,Long,SL,-0.15,23134.27,22866.66,23095.41,267.61,1.1568,H1_EMA100
297,V3-locked,2023-02-01 21:00:00+0100,2023-02-03 15:00:00+0100,42.0,Long,SL,-0.06,23385.99,22760.23,23346.63,625.76,2.6758,H1_EMA100
298,V3-locked,2023-02-04 20:00:00+0100,2023-02-04 22:30:00+0100,2.5,Long,SL,-1.0,23445.66,23386.1,23386.1,59.56,0.254,STRUCTURAL_SL
299,V3-locked,2023-02-07 11:30:00+0100,2023-02-07 13:00:00+0100,1.5,Long,SL,-0.36,23041.42,22862.85,22977.24,178.57,0.775,H1_EMA100
300,V3-locked,2023-02-17 19:30:00+0100,2023-02-20 02:00:00+0100,54.5,Long,SL,-1.0,24353.57,23917.65,23917.65,435.92,1.79,STRUCTURAL_SL
301,V3-locked,2023-02-20 11:30:00+0100,2023-02-21 17:00:00+0100,29.5,Long,SL,-1.0,24834.4,24373.33,24373.33,461.07,1.8566,STRUCTURAL_SL
302,V3-locked,2023-02-23 04:30:00+0100,2023-02-23 11:00:00+0100,6.5,Long,SL,-0.61,24530.76,24124.33,24282.42,406.43,1.6568,H1_EMA100
303,V3-locked,2023-03-16 11:30:00+0100,2023-03-22 21:00:00+0100,153.5,Long,TP,4.69,24777.0,24374.35,26667.33,402.65,1.6251,H1_EMA100
304,V3-locked,2023-03-23 17:00:00+0100,2023-03-24 19:00:00+0100,26.0,Long,SL,-0.76,28580.86,27300.0,27609.99,1280.86,4.4815,H1_EMA100
305,V3-locked,2023-03-26 11:30:00+0200,2023-03-27 08:00:00+0200,20.5,Long,TP,0.08,27697.93,27480.01,27715.18,217.92,0.7868,H1_EMA100
306,V3-locked,2023-03-28 23:30:00+0200,2023-03-29 00:00:00+0200,0.5,Long,SL,-1.0,27263.45,27158.15,27158.15,105.3,0.3862,STRUCTURAL_SL
307,V3-locked,2023-03-31 17:30:00+0200,2023-04-02 18:00:00+0200,48.5,Long,SL,-0.49,28391.12,27842.1,28124.81,549.02,1.9338,H1_EMA100
308,V3-locked,2023-04-03 14:00:00+0200,2023-04-03 14:30:00+0200,0.5,Long,SL,-1.0,28253.73,28215.59,28215.59,38.14,0.135,STRUCTURAL_SL
309,V3-locked,2023-04-04 12:00:00+0200,2023-04-04 17:00:00+0200,5.0,Long,SL,-1.0,28198.77,28028.79,28028.79,169.98,0.6028,STRUCTURAL_SL
310,V3-locked,2023-04-08 07:00:00+0200,2023-04-08 11:00:00+0200,4.0,Long,TP,0.32,27984.97,27859.02,28025.53,125.95,0.4501,H1_EMA100
311,V3-locked,2023-04-09 04:00:00+0200,2023-04-09 08:00:00+0200,4.0,Long,SL,-0.51,28077.78,27924.9,27999.25,152.88,0.5445,H1_EMA100
312,V3-locked,2023-04-09 22:00:00+0200,2023-04-17 03:00:00+0200,173.0,Long,TP,6.46,28140.41,27876.68,29842.86,263.73,0.9372,H1_EMA100
313,V3-locked,2023-04-18 12:30:00+0200,2023-04-19 09:00:00+0200,20.5,Long,TP,0.35,29926.88,29693.1,30008.13,233.78,0.7812,H1_EMA100
314,V3-locked,2023-04-28 23:30:00+0200,2023-04-29 19:30:00+0200,20.0,Long,SL,-1.0,29331.68,29120.0,29120.0,211.68,0.7217,STRUCTURAL_SL
315,V3-locked,2023-04-30 16:30:00+0200,2023-05-01 03:30:00+0200,11.0,Long,SL,-1.0,29271.97,29160.53,29160.53,111.44,0.3807,STRUCTURAL_SL
316,V3-locked,2023-05-05 04:00:00+0200,2023-05-05 14:30:00+0200,10.5,Long,SL,-1.0,29325.75,28880.03,28880.03,445.72,1.5199,STRUCTURAL_SL
317,V3-locked,2023-05-30 04:00:00+0200,2023-05-30 18:00:00+0200,14.0,Long,SL,-1.0,27766.03,27584.45,27584.45,181.58,0.654,STRUCTURAL_SL
318,V3-locked,2023-05-30 22:30:00+0200,2023-05-31 04:00:00+0200,5.5,Long,SL,-1.0,27797.23,27625.14,27625.14,172.09,0.6191,STRUCTURAL_SL
319,V3-locked,2023-06-19 19:30:00+0200,2023-06-26 19:00:00+0200,167.5,Long,TP,11.71,26606.87,26308.45,30100.47,298.42,1.1216,H1_EMA100
320,V3-locked,2023-06-27 10:30:00+0200,2023-06-28 09:30:00+0200,23.0,Long,SL,-1.0,30411.33,30233.58,30233.58,177.75,0.5845,STRUCTURAL_SL
321,V3-locked,2023-06-29 11:30:00+0200,2023-06-29 22:00:00+0200,10.5,Long,SL,-1.0,30434.69,30316.97,30316.97,117.72,0.3868,STRUCTURAL_SL
322,V3-locked,2023-07-01 15:30:00+0200,2023-07-02 17:00:00+0200,25.5,Long,SL,-1.0,30543.3,30442.0,30442.0,101.3,0.3317,STRUCTURAL_SL
323,V3-locked,2023-07-02 23:00:00+0200,2023-07-04 22:00:00+0200,47.0,Long,TP,0.49,30588.46,30366.65,30696.84,221.81,0.7251,H1_EMA100
324,V3-locked,2023-07-06 10:30:00+0200,2023-07-06 15:00:00+0200,4.5,Long,SL,-0.56,30808.31,30438.26,30600.31,370.05,1.2011,H1_EMA100
325,V3-locked,2023-07-09 03:30:00+0200,2023-07-09 05:00:00+0200,1.5,Long,SL,-0.5,30356.0,30246.47,30301.04,109.53,0.3608,H1_EMA100
326,V3-locked,2023-07-10 17:00:00+0200,2023-07-10 20:00:00+0200,3.0,Long,SL,-0.19,30310.02,30143.21,30278.2,166.81,0.5503,H1_EMA100
327,V3-locked,2023-08-12 17:30:00+0200,2023-08-12 20:00:00+0200,2.5,Long,SL,-0.48,29449.98,29408.28,29430.11,41.7,0.1416,H1_EMA100
328,V3-locked,2023-09-16 01:30:00+0200,2023-09-21 11:00:00+0200,129.5,Long,TP,0.84,26674.71,26373.21,26926.74,301.5,1.1303,H1_EMA100
329,V3-locked,2023-09-24 20:00:00+0200,2023-09-24 20:30:00+0200,0.5,Long,SL,-1.0,26673.07,26563.17,26563.17,109.9,0.412,STRUCTURAL_SL
330,V3-locked,2023-10-04 14:00:00+0200,2023-10-04 15:00:00+0200,1.0,Long,SL,-1.0,27572.43,27520.28,27520.28,52.15,0.1891,STRUCTURAL_SL
331,V3-locked,2023-10-04 20:00:00+0200,2023-10-05 18:00:00+0200,22.0,Long,SL,-1.0,27539.5,27393.62,27393.62,145.88,0.5297,STRUCTURAL_SL
332,V3-locked,2023-10-06 12:00:00+0200,2023-10-06 14:30:00+0200,2.5,Long,SL,-1.0,27690.6,27588.53,27588.53,102.07,0.3686,STRUCTURAL_SL
333,V3-locked,2023-10-06 17:00:00+0200,2023-10-09 11:00:00+0200,66.0,Long,TP,0.15,27670.0,27175.94,27745.76,494.06,1.7855,H1_EMA100
334,V3-locked,2023-10-19 13:00:00+0200,2023-10-31 09:00:00+0100,285.0,Long,TP,28.91,28477.0,28280.96,34145.21,196.04,0.6884,H1_EMA100
335,V3-locked,2023-10-31 20:30:00+0100,2023-11-01 06:30:00+0100,10.0,Long,SL,-1.0,34507.23,34335.29,34335.29,171.94,0.4983,STRUCTURAL_SL
336,V3-locked,2023-11-01 14:00:00+0100,2023-11-01 15:30:00+0100,1.5,Long,SL,-1.0,34790.6,34345.0,34345.0,445.6,1.2808,STRUCTURAL_SL
337,V3-locked,2023-11-01 19:00:00+0100,2023-11-02 17:30:00+0100,22.5,Long,SL,-1.0,34510.28,34350.0,34350.0,160.28,0.4644,STRUCTURAL_SL
338,V3-locked,2023-11-04 03:00:00+0100,2023-11-04 06:00:00+0100,3.0,Long,SL,-1.0,34768.14,34632.47,34632.47,135.67,0.3902,STRUCTURAL_SL
339,V3-locked,2023-11-06 00:30:00+0100,2023-11-06 07:00:00+0100,6.5,Long,SL,-0.45,35104.94,34448.0,34808.17,656.94,1.8714,H1_EMA100
340,V3-locked,2023-11-06 11:30:00+0100,2023-11-06 19:00:00+0100,7.5,Long,SL,-1.0,35176.28,34827.01,34827.01,349.27,0.9929,STRUCTURAL_SL
341,V3-locked,2023-11-07 20:30:00+0100,2023-11-13 16:00:00+0100,139.5,Long,TP,1.71,35383.04,34560.0,36787.23,823.04,2.3261,H1_EMA100
342,V3-locked,2023-11-18 01:00:00+0100,2023-11-18 02:00:00+0100,1.0,Long,SL,-0.79,36613.91,36342.48,36400.01,271.43,0.7413,H1_EMA100
343,V3-locked,2023-11-18 12:00:00+0100,2023-11-18 13:00:00+0100,1.0,Long,SL,-0.87,36472.46,36392.0,36402.8,80.46,0.2206,H1_EMA100
344,V3-locked,2023-11-19 17:30:00+0100,2023-11-21 16:00:00+0100,46.5,Long,TP,0.69,36542.69,36406.53,36635.97,136.16,0.3726,H1_EMA100
345,V3-locked,2023-11-22 20:30:00+0100,2023-11-23 17:00:00+0100,20.5,Long,SL,-0.27,37163.07,36372.58,36951.34,790.49,2.1271,H1_EMA100
346,V3-locked,2023-11-28 15:00:00+0100,2023-11-30 16:00:00+0100,49.0,Long,TP,0.9,37412.29,37142.81,37655.09,269.48,0.7203,H1_EMA100
347,V3-locked,2023-12-01 04:00:00+0100,2023-12-11 03:00:00+0100,239.0,Long,TP,43.71,37990.79,37871.1,43222.46,119.69,0.3151,H1_EMA100
348,V3-locked,2023-12-13 17:00:00+0100,2023-12-13 18:00:00+0100,1.0,Long,SL,-0.11,41939.17,41305.95,41870.02,633.22,1.5099,H1_EMA100
349,V3-locked,2023-12-16 16:30:00+0100,2023-12-16 21:00:00+0100,4.5,Long,SL,-0.08,42366.25,42191.1,42351.73,175.15,0.4134,H1_EMA100
350,V3-locked,2023-12-18 22:00:00+0100,2023-12-19 19:00:00+0100,21.0,Long,SL,-0.18,41971.09,41335.83,41854.06,635.26,1.5136,H1_EMA100
351,V3-locked,2023-12-20 06:00:00+0100,2023-12-24 07:00:00+0100,97.0,Long,TP,1.48,42812.96,42356.91,43490.01,456.05,1.0652,H1_EMA100
352,V3-locked,2023-12-25 16:00:00+0100,2023-12-25 22:00:00+0100,6.0,Long,SL,-0.43,43674.1,43080.01,43418.0,594.09,1.3603,H1_EMA100
353,V3-locked,2023-12-27 12:00:00+0100,2023-12-27 13:00:00+0100,1.0,Long,SL,-0.31,43195.56,42628.01,43019.11,567.55,1.3139,H1_EMA100
354,V3-locked,2023-12-29 15:30:00+0100,2023-12-29 16:00:00+0100,0.5,Long,SL,-1.0,42808.24,42677.35,42677.35,130.89,0.3058,STRUCTURAL_SL
355,V3-locked,2024-01-04 17:00:00+0100,2024-01-05 02:30:00+0100,9.5,Long,SL,-1.0,44051.1,43250.0,43250.0,801.1,1.8186,STRUCTURAL_SL
356,V3-locked,2024-01-05 23:30:00+0100,2024-01-06 07:00:00+0100,7.5,Long,SL,-1.0,43882.89,43520.15,43520.15,362.74,0.8266,STRUCTURAL_SL
357,V3-locked,2024-01-06 17:30:00+0100,2024-01-08 02:00:00+0100,32.5,Long,SL,-0.67,43848.24,43527.27,43632.0,320.97,0.732,H1_EMA100
358,V3-locked,2024-01-08 13:00:00+0100,2024-01-10 14:00:00+0100,49.0,Long,TP,0.03,44636.0,43641.73,44670.53,994.27,2.2275,H1_EMA100
359,V3-locked,2024-01-10 23:30:00+0100,2024-01-12 10:00:00+0100,34.5,Long,SL,-0.41,46404.53,45080.0,45860.01,1324.53,2.8543,H1_EMA100
360,V3-locked,2024-01-29 17:00:00+0100,2024-01-31 12:00:00+0100,43.0,Long,SL,-0.31,42641.75,41804.88,42384.73,836.87,1.9626,H1_EMA100
361,V3-locked,2024-01-31 18:30:00+0100,2024-01-31 21:30:00+0100,3.0,Long,SL,-1.0,43552.31,42571.1,42571.1,981.21,2.2529,STRUCTURAL_SL
362,V3-locked,2024-02-01 19:30:00+0100,2024-02-02 15:00:00+0100,19.5,Long,SL,-0.41,42925.42,42364.0,42694.01,561.42,1.3079,H1_EMA100
363,V3-locked,2024-02-05 10:30:00+0100,2024-02-05 16:30:00+0100,6.0,Long,SL,-1.0,42994.56,42697.52,42697.52,297.04,0.6909,STRUCTURAL_SL
364,V3-locked,2024-02-06 09:30:00+0100,2024-02-06 12:00:00+0100,2.5,Long,SL,-0.49,42927.83,42667.0,42799.5,260.83,0.6076,H1_EMA100
365,V3-locked,2024-02-07 11:00:00+0100,2024-02-07 11:30:00+0100,0.5,Long,SL,-1.0,43146.01,42907.62,42907.62,238.39,0.5525,STRUCTURAL_SL
366,V3-locked,2024-02-07 14:00:00+0100,2024-02-17 15:00:00+0100,241.0,Long,TP,39.92,43073.29,42870.0,51188.81,203.29,0.472,H1_EMA100
367,V3-locked,2024-02-18 10:00:00+0100,2024-02-20 02:00:00+0100,40.0,Long,SL,-0.39,51790.0,51405.52,51641.82,384.48,0.7424,H1_EMA100
368,V3-locked,2024-02-20 13:00:00+0100,2024-02-20 16:00:00+0100,3.0,Long,SL,-1.0,52286.8,51560.0,51560.0,726.8,1.39,STRUCTURAL_SL
369,V3-locked,2024-02-21 00:00:00+0100,2024-02-21 04:30:00+0100,4.5,Long,SL,-1.0,52168.65,52006.0,52006.0,162.65,0.3118,STRUCTURAL_SL
370,V3-locked,2024-02-22 19:30:00+0100,2024-02-22 21:00:00+0100,1.5,Long,SL,-0.26,51586.62,51286.2,51509.99,300.42,0.5824,H1_EMA100
371,V3-locked,2024-02-26 17:00:00+0100,2024-03-05 20:00:00+0100,195.0,Long,TP,6.82,52842.33,51207.4,63988.37,1634.93,3.094,H1_EMA100
372,V3-locked,2024-03-06 10:00:00+0100,2024-03-06 13:30:00+0100,3.5,Long,SL,-1.0,66941.22,65500.0,65500.0,1441.22,2.153,STRUCTURAL_SL
373,V3-locked,2024-03-11 09:00:00+0100,2024-03-14 17:00:00+0100,80.0,Long,SL,-0.07,71019.99,68445.91,70844.01,2574.08,3.6244,H1_EMA100
374,V3-locked,2024-03-17 17:30:00+0100,2024-03-17 19:00:00+0100,1.5,Long,TP,0.44,68149.6,67242.77,68550.22,906.83,1.3306,H1_EMA100
375,V3-locked,2024-03-28 08:30:00+0100,2024-03-29 10:30:00+0100,26.0,Long,SL,-1.0,70346.0,69620.0,69620.0,726.0,1.032,STRUCTURAL_SL
376,V3-locked,2024-03-30 12:30:00+0100,2024-03-30 16:30:00+0100,4.0,Long,SL,-1.0,70082.55,69940.08,69940.08,142.47,0.2033,STRUCTURAL_SL
377,V3-locked,2024-03-31 07:30:00+0200,2024-04-01 07:30:00+0200,24.0,Long,SL,-1.0,70237.38,69874.54,69874.54,362.84,0.5166,STRUCTURAL_SL
378,V3-locked,2024-04-10 23:30:00+0200,2024-04-11 17:00:00+0200,17.5,Long,SL,-0.04,69624.0,69071.0,69600.54,553.0,0.7943,H1_EMA100
379,V3-locked,2024-05-07 11:30:00+0200,2024-05-07 13:30:00+0200,2.0,Long,SL,-1.0,64297.33,63596.13,63596.13,701.2,1.0906,STRUCTURAL_SL
380,V3-locked,2024-05-07 17:30:00+0200,2024-05-07 20:30:00+0200,3.0,Long,SL,-1.0,63892.78,63050.77,63050.77,842.01,1.3178,STRUCTURAL_SL
381,V3-locked,2024-05-20 10:30:00+0200,2024-05-23 16:00:00+0200,77.5,Long,TP,1.73,66922.01,66279.64,68036.14,642.37,0.9599,H1_EMA100
382,V3-locked,2024-05-24 20:30:00+0200,2024-05-26 20:00:00+0200,47.5,Long,SL,-0.26,69080.07,67924.39,68778.14,1155.68,1.673,H1_EMA100
383,V3-locked,2024-05-27 17:30:00+0200,2024-05-28 04:00:00+0200,10.5,Long,SL,-0.76,69770.01,68250.0,68614.11,1520.01,2.1786,H1_EMA100
384,V3-locked,2024-05-29 05:00:00+0200,2024-05-29 08:00:00+0200,3.0,Long,SL,-0.27,68684.6,68310.0,68584.73,374.6,0.5454,H1_EMA100
385,V3-locked,2024-05-30 15:30:00+0200,2024-05-31 01:00:00+0200,9.5,Long,TP,0.26,68200.0,67755.0,68314.93,445.0,0.6525,H1_EMA100
386,V3-locked,2024-05-31 15:00:00+0200,2024-05-31 15:30:00+0200,0.5,Long,SL,-1.0,68643.59,68280.0,68280.0,363.59,0.5297,STRUCTURAL_SL
387,V3-locked,2024-06-02 14:30:00+0200,2024-06-02 20:00:00+0200,5.5,Long,SL,-0.29,68092.0,67367.2,67879.28,724.8,1.0644,H1_EMA100
388,V3-locked,2024-06-07 07:30:00+0200,2024-06-07 14:30:00+0200,7.0,Long,SL,-1.0,71320.0,70905.18,70905.18,414.82,0.5816,STRUCTURAL_SL
389,V3-locked,2024-06-10 18:00:00+0200,2024-06-10 22:00:00+0200,4.0,Long,SL,-0.67,70066.12,69201.59,69490.8,864.53,1.2339,H1_EMA100
390,V3-locked,2024-07-18 09:30:00+0200,2024-07-18 16:00:00+0200,6.5,Long,SL,-1.0,64762.96,64402.35,64402.35,360.61,0.5568,STRUCTURAL_SL
391,V3-locked,2024-07-19 16:00:00+0200,2024-07-23 08:00:00+0200,88.0,Long,TP,1.14,65135.89,64005.57,66428.0,1130.32,1.7353,H1_EMA100
392,V3-locked,2024-07-26 00:30:00+0200,2024-07-29 19:00:00+0200,90.5,Long,TP,0.79,65832.01,64425.0,66940.01,1407.01,2.1373,H1_EMA100
393,V3-locked,2024-07-31 20:00:00+0200,2024-07-31 20:30:00+0200,0.5,Long,SL,-1.0,66686.01,66287.87,66287.87,398.14,0.597,STRUCTURAL_SL
394,V3-locked,2024-08-23 04:00:00+0200,2024-08-27 01:00:00+0200,93.0,Long,TP,5.17,60768.45,60342.14,62973.01,426.31,0.7015,H1_EMA100
395,V3-locked,2024-09-17 11:30:00+0200,2024-09-25 20:00:00+0200,200.5,Long,TP,42.72,58740.01,58636.36,63168.0,103.65,0.1765,H1_EMA100
396,V3-locked,2024-09-26 11:00:00+0200,2024-09-30 04:00:00+0200,89.0,Long,TP,2.87,63709.5,63340.0,64769.99,369.5,0.58,H1_EMA100
397,V3-locked,2024-10-14 05:30:00+0200,2024-10-21 16:00:00+0200,178.5,Long,TP,4.68,63330.0,62478.65,67312.0,851.35,1.3443,H1_EMA100
398,V3-locked,2024-10-24 04:30:00+0200,2024-10-24 06:00:00+0200,1.5,Long,SL,-0.53,67391.51,67058.03,67213.16,333.48,0.4948,H1_EMA100
399,V3-locked,2024-11-05 09:00:00+0100,2024-11-05 11:00:00+0100,2.0,Long,SL,-0.36,68894.0,68570.24,68776.49,323.76,0.4699,H1_EMA100
400,V3-locked,2024-11-09 20:30:00+0100,2024-11-17 23:00:00+0100,194.5,Long,TP,19.73,76362.21,75714.66,89137.98,647.55,0.848,H1_EMA100
401,V3-locked,2024-11-18 07:30:00+0100,2024-11-18 12:30:00+0100,5.0,Long,SL,-1.0,90947.39,90575.76,90575.76,371.63,0.4086,STRUCTURAL_SL
402,V3-locked,2024-11-25 06:00:00+0100,2024-11-25 14:00:00+0100,8.0,Long,SL,-1.0,97799.99,97297.36,97297.36,502.63,0.5139,STRUCTURAL_SL
403,V3-locked,2024-11-29 00:00:00+0100,2024-12-01 03:00:00+0100,51.0,Long,TP,0.48,95651.78,94698.0,96106.62,953.78,0.9971,H1_EMA100
404,V3-locked,2024-12-01 11:00:00+0100,2024-12-02 05:00:00+0100,18.0,Long,SL,-0.75,97030.15,96299.1,96483.75,731.05,0.7534,H1_EMA100
405,V3-locked,2024-12-04 00:00:00+0100,2024-12-04 01:00:00+0100,1.0,Long,SL,-0.57,96117.76,95644.44,95849.69,473.32,0.4924,H1_EMA100
406,V3-locked,2024-12-04 21:00:00+0100,2024-12-05 23:00:00+0100,26.0,Long,SL,-1.0,97209.64,94587.83,94587.83,2621.81,2.6971,STRUCTURAL_SL
407,V3-locked,2024-12-06 19:00:00+0100,2024-12-08 10:00:00+0100,39.0,Long,SL,-0.93,100844.06,98836.0,98980.01,2008.06,1.9913,H1_EMA100
408,V3-locked,2024-12-08 15:00:00+0100,2024-12-09 03:30:00+0100,12.5,Long,SL,-1.0,100408.79,99124.01,99124.01,1284.78,1.2795,STRUCTURAL_SL
409,V3-locked,2024-12-11 07:30:00+0100,2024-12-11 08:30:00+0100,1.0,Long,SL,-1.0,97675.91,97300.8,97300.8,375.11,0.384,STRUCTURAL_SL
410,V3-locked,2024-12-13 16:00:00+0100,2024-12-13 16:30:00+0100,0.5,Long,SL,-1.0,101018.12,99936.25,99936.25,1081.87,1.071,STRUCTURAL_SL
411,V3-locked,2024-12-15 02:30:00+0100,2024-12-18 06:00:00+0100,75.5,Long,TP,6.56,101585.08,101237.14,103868.01,347.94,0.3425,H1_EMA100
412,V3-locked,2025-01-05 22:00:00+0100,2025-01-07 16:30:00+0100,42.5,Long,SL,-1.0,98275.71,97577.46,97577.46,698.25,0.7105,STRUCTURAL_SL
413,V3-locked,2025-01-20 09:00:00+0100,2025-01-20 18:00:00+0100,9.0,Long,SL,-1.0,107120.65,102220.8,102220.8,4899.85,4.5741,STRUCTURAL_SL
414,V3-locked,2025-01-21 17:00:00+0100,2025-01-22 15:00:00+0100,22.0,Long,TP,0.11,103942.99,102803.43,104073.94,1139.56,1.0963,H1_EMA100
415,V3-locked,2025-01-23 18:00:00+0100,2025-01-23 21:00:00+0100,3.0,Long,SL,-0.55,105139.18,102643.49,103770.04,2495.69,2.3737,H1_EMA100
416,V3-locked,2025-01-25 20:30:00+0100,2025-01-26 10:30:00+0100,14.0,Long,SL,-1.0,105002.95,104449.75,104449.75,553.2,0.5268,STRUCTURAL_SL
417,V3-locked,2025-01-26 14:30:00+0100,2025-01-26 22:30:00+0100,8.0,Long,SL,-1.0,104922.99,104703.58,104703.58,219.41,0.2091,STRUCTURAL_SL
418,V3-locked,2025-01-28 04:00:00+0100,2025-01-28 05:00:00+0100,1.0,Long,TP,0.22,102402.01,101334.55,102636.32,1067.46,1.0424,H1_EMA100
419,V3-locked,2025-01-29 08:00:00+0100,2025-01-29 11:00:00+0100,3.0,Long,SL,-0.57,102801.64,101976.19,102334.4,825.45,0.803,H1_EMA100
420,V3-locked,2025-01-31 16:30:00+0100,2025-01-31 19:00:00+0100,2.5,Long,SL,-1.0,105166.24,104106.0,104106.0,1060.24,1.0082,STRUCTURAL_SL
421,V3-locked,2025-03-25 14:00:00+0100,2025-03-26 14:30:00+0100,24.5,Long,SL,-1.0,87084.01,86929.46,86929.46,154.55,0.1775,STRUCTURAL_SL
422,V3-locked,2025-03-27 05:30:00+0100,2025-03-27 06:00:00+0100,0.5,Long,SL,-1.0,87577.72,87431.64,87431.64,146.08,0.1668,STRUCTURAL_SL
423,V3-locked,2025-03-27 23:30:00+0100,2025-03-28 01:30:00+0100,2.0,Long,SL,-1.0,87383.94,86943.04,86943.04,440.9,0.5046,STRUCTURAL_SL
424,V3-locked,2025-04-14 05:30:00+0200,2025-04-14 17:30:00+0200,12.0,Long,SL,-1.0,84674.47,84036.84,84036.84,637.63,0.753,STRUCTURAL_SL
425,V3-locked,2025-04-16 18:30:00+0200,2025-04-16 19:30:00+0200,1.0,Long,SL,-1.0,84844.72,83512.2,83512.2,1332.52,1.5705,STRUCTURAL_SL
426,V3-locked,2025-04-17 08:30:00+0200,2025-04-17 16:30:00+0200,8.0,Long,SL,-1.0,84604.0,83900.0,83900.0,704.0,0.8321,STRUCTURAL_SL
427,V3-locked,2025-04-19 06:00:00+0200,2025-04-20 11:00:00+0200,29.0,Long,SL,-0.6,84883.72,84488.85,84647.3,394.87,0.4652,H1_EMA100
428,V3-locked,2025-04-21 02:00:00+0200,2025-04-28 03:00:00+0200,169.0,Long,TP,16.17,85179.24,84669.73,93419.9,509.51,0.5982,H1_EMA100
429,V3-locked,2025-04-28 09:30:00+0200,2025-04-28 15:30:00+0200,6.0,Long,SL,-1.0,94666.38,93962.8,93962.8,703.58,0.7432,STRUCTURAL_SL
430,V3-locked,2025-04-28 22:00:00+0200,2025-04-30 01:00:00+0200,27.0,Long,SL,-0.62,94786.73,93787.61,94163.67,999.12,1.0541,H1_EMA100
431,V3-locked,2025-04-30 07:30:00+0200,2025-04-30 14:30:00+0200,7.0,Long,SL,-1.0,94973.41,94460.0,94460.0,513.41,0.5406,STRUCTURAL_SL
432,V3-locked,2025-05-01 05:30:00+0200,2025-05-04 02:00:00+0200,68.5,Long,TP,1.52,94815.13,94130.43,95856.42,684.7,0.7221,H1_EMA100
433,V3-locked,2025-05-06 21:00:00+0200,2025-05-06 23:00:00+0200,2.0,Long,SL,-0.67,95067.36,94495.26,94682.23,572.1,0.6018,H1_EMA100
434,V3-locked,2025-05-13 14:00:00+0200,2025-05-15 04:00:00+0200,38.0,Long,SL,-0.59,103729.2,102540.18,103033.52,1189.02,1.1463,H1_EMA100
435,V3-locked,2025-05-15 20:30:00+0200,2025-05-15 21:00:00+0200,0.5,Long,SL,-1.0,103491.85,103026.33,103026.33,465.52,0.4498,STRUCTURAL_SL
436,V3-locked,2025-05-15 22:00:00+0200,2025-05-17 04:00:00+0200,30.0,Long,SL,-0.54,103157.26,102552.35,102829.57,604.91,0.5864,H1_EMA100
437,V3-locked,2025-05-18 07:30:00+0200,2025-05-19 06:00:00+0200,22.5,Long,TP,0.52,103445.74,103140.32,103605.88,305.42,0.2952,H1_EMA100
438,V3-locked,2025-05-19 19:00:00+0200,2025-05-23 15:00:00+0200,92.0,Long,TP,0.95,105356.43,102126.16,108412.77,3230.27,3.066,H1_EMA100
439,V3-locked,2025-05-24 22:00:00+0200,2025-05-24 23:00:00+0200,1.0,Long,SL,-1.0,108960.0,108781.54,108781.54,178.46,0.1638,STRUCTURAL_SL
440,V3-locked,2025-05-26 02:00:00+0200,2025-05-27 04:00:00+0200,26.0,Long,SL,-0.34,109004.2,107176.0,108385.31,1828.2,1.6772,H1_EMA100
441,V3-locked,2025-05-27 11:00:00+0200,2025-05-27 16:30:00+0200,5.5,Long,SL,-1.0,109695.66,108826.08,108826.08,869.58,0.7927,STRUCTURAL_SL
442,V3-locked,2025-05-29 13:00:00+0200,2025-05-29 14:30:00+0200,1.5,Long,SL,-1.0,108746.01,108381.76,108381.76,364.25,0.335,STRUCTURAL_SL
443,V3-locked,2025-06-28 06:00:00+0200,2025-06-30 16:30:00+0200,58.5,Long,SL,-1.0,107300.13,107080.27,107080.27,219.86,0.2049,STRUCTURAL_SL
444,V3-locked,2025-07-02 10:30:00+0200,2025-07-04 16:00:00+0200,53.5,Long,TP,0.44,107630.88,106852.83,107970.23,778.05,0.7229,H1_EMA100
445,V3-locked,2025-07-06 16:00:00+0200,2025-07-07 15:00:00+0200,23.0,Long,SL,-0.44,108772.18,107800.01,108346.85,972.17,0.8938,H1_EMA100
446,V3-locked,2025-07-08 13:00:00+0200,2025-07-08 17:00:00+0200,4.0,Long,SL,-0.76,108832.78,108229.15,108376.0,603.63,0.5546,H1_EMA100
447,V3-locked,2025-07-13 04:00:00+0200,2025-07-15 05:00:00+0200,49.0,Long,SL,-1.0,117553.37,117224.79,117224.79,328.58,0.2795,STRUCTURAL_SL
448,V3-locked,2025-07-16 10:00:00+0200,2025-07-17 14:00:00+0200,28.0,Long,SL,-0.17,118189.24,117017.29,117995.0,1171.95,0.9916,H1_EMA100
449,V3-locked,2025-07-17 20:00:00+0200,2025-07-18 16:00:00+0200,20.0,Long,SL,-1.0,119261.51,118333.6,118333.6,927.91,0.778,STRUCTURAL_SL
450,V3-locked,2025-07-20 16:00:00+0200,2025-07-20 20:00:00+0200,4.0,Long,SL,-0.57,118417.35,117723.23,118018.69,694.12,0.5862,H1_EMA100
451,V3-locked,2025-07-21 08:00:00+0200,2025-07-21 13:30:00+0200,5.5,Long,SL,-1.0,118430.22,118188.95,118188.95,241.27,0.2037,STRUCTURAL_SL
452,V3-locked,2025-07-22 12:30:00+0200,2025-07-22 16:00:00+0200,3.5,Long,SL,-1.0,118523.07,117873.42,117873.42,649.65,0.5481,STRUCTURAL_SL
453,V3-locked,2025-07-24 03:30:00+0200,2025-07-24 06:00:00+0200,2.5,Long,SL,-1.0,118961.03,118421.86,118421.86,539.17,0.4532,STRUCTURAL_SL
454,V3-locked,2025-07-24 15:00:00+0200,2025-07-24 16:00:00+0200,1.0,Long,SL,-0.53,118531.43,117955.59,118227.48,575.84,0.4858,H1_EMA100
455,V3-locked,2025-07-24 17:00:00+0200,2025-07-25 01:00:00+0200,8.0,Long,SL,-0.63,119057.12,117832.32,118280.01,1224.8,1.0287,H1_EMA100
456,V3-locked,2025-07-26 02:00:00+0200,2025-07-26 03:00:00+0200,1.0,Long,SL,-0.18,117614.31,116956.0,117496.0,658.31,0.5597,H1_EMA100
457,V3-locked,2025-07-29 09:00:00+0200,2025-07-29 12:30:00+0200,3.5,Long,SL,-1.0,118764.86,118416.66,118416.66,348.2,0.2932,STRUCTURAL_SL
458,V3-locked,2025-07-30 11:30:00+0200,2025-07-30 12:30:00+0200,1.0,Long,SL,-1.0,118149.99,117939.99,117939.99,210.0,0.1777,STRUCTURAL_SL
459,V3-locked,2025-07-31 05:00:00+0200,2025-07-31 15:30:00+0200,10.5,Long,SL,-1.0,118447.52,117981.02,117981.02,466.5,0.3938,STRUCTURAL_SL
460,V3-locked,2025-08-09 07:30:00+0200,2025-08-09 23:00:00+0200,15.5,Long,SL,-1.0,116966.67,116387.02,116387.02,579.65,0.4956,STRUCTURAL_SL
461,V3-locked,2025-08-10 05:30:00+0200,2025-08-14 15:00:00+0200,105.5,Long,TP,0.28,118362.97,116539.99,118866.37,1822.98,1.5402,H1_EMA100
462,V3-locked,2025-08-17 08:00:00+0200,2025-08-17 09:00:00+0200,1.0,Long,SL,-0.15,118000.0,117505.93,117923.99,494.07,0.4187,H1_EMA100
463,V3-locked,2025-09-15 01:00:00+0200,2025-09-15 01:30:00+0200,0.5,Long,SL,-1.0,116009.62,115330.99,115330.99,678.63,0.585,STRUCTURAL_SL
464,V3-locked,2025-09-15 08:00:00+0200,2025-09-15 10:30:00+0200,2.5,Long,SL,-1.0,116519.13,115283.49,115283.49,1235.64,1.0605,STRUCTURAL_SL
465,V3-locked,2025-09-16 07:30:00+0200,2025-09-16 15:30:00+0200,8.0,Long,SL,-1.0,115738.19,114930.0,114930.0,808.19,0.6983,STRUCTURAL_SL
466,V3-locked,2025-09-16 18:00:00+0200,2025-09-17 17:00:00+0200,23.0,Long,SL,-0.33,115905.88,115010.66,115606.61,895.22,0.7724,H1_EMA100
467,V3-locked,2025-09-18 03:30:00+0200,2025-09-19 14:00:00+0200,34.5,Long,SL,-0.35,116557.69,116092.76,116394.72,464.93,0.3989,H1_EMA100
468,V3-locked,2025-10-06 01:30:00+0200,2025-10-07 17:00:00+0200,39.5,Long,SL,-0.76,123465.29,122489.85,122725.36,975.44,0.7901,H1_EMA100
469,V3-locked,2025-10-08 19:30:00+0200,2025-10-09 04:00:00+0200,8.5,Long,SL,-0.68,123792.36,121954.34,122548.23,1838.02,1.4848,H1_EMA100
470,V3-locked,2025-10-28 15:00:00+0100,2025-10-28 20:00:00+0100,5.0,Long,SL,-1.0,115522.91,114138.06,114138.06,1384.85,1.1988,STRUCTURAL_SL
471,V3-locked,2025-12-11 23:00:00+0100,2025-12-12 16:30:00+0100,17.5,Long,SL,-1.0,92858.4,90758.43,90758.43,2099.97,2.2615,STRUCTURAL_SL
472,V3-locked,2026-01-09 18:00:00+0100,2026-01-09 20:00:00+0100,2.0,Long,SL,-0.45,91623.89,89850.0,90820.31,1773.89,1.9361,H1_EMA100
473,V3-locked,2026-01-11 06:30:00+0100,2026-01-11 07:00:00+0100,0.5,Long,SL,-1.0,90757.49,90661.53,90661.53,95.96,0.1057,STRUCTURAL_SL
474,V3-locked,2026-01-12 17:30:00+0100,2026-01-12 23:00:00+0100,5.5,Long,SL,-0.56,92217.62,90128.44,91055.17,2089.18,2.2655,H1_EMA100
475,V3-locked,2026-01-17 17:30:00+0100,2026-01-17 22:30:00+0100,5.0,Long,SL,-1.0,95471.69,95283.99,95283.99,187.7,0.1966,STRUCTURAL_SL
476,V3-locked,2026-01-18 20:30:00+0100,2026-01-19 00:00:00+0100,3.5,Long,SL,-1.0,95451.07,95073.02,95073.02,378.05,0.3961,STRUCTURAL_SL
477,V3-locked,2026-03-11 16:00:00+0100,2026-03-12 04:00:00+0100,12.0,Long,SL,-0.91,70578.7,69152.57,69286.56,1426.13,2.0206,H1_EMA100
478,V3-locked,2026-03-12 13:00:00+0100,2026-03-12 15:30:00+0100,2.5,Long,SL,-1.0,70427.9,69580.0,69580.0,847.9,1.2039,STRUCTURAL_SL
479,V3-locked,2026-03-15 03:30:00+0100,2026-03-18 13:00:00+0100,81.5,Long,TP,4.11,71268.29,70858.82,72952.85,409.47,0.5745,H1_EMA100
480,V3-locked,2026-03-21 02:00:00+0100,2026-03-21 03:00:00+0100,1.0,Long,SL,-0.23,70682.2,69754.71,70464.59,927.49,1.3122,H1_EMA100
481,V3-locked,2026-04-07 23:30:00+0200,2026-04-12 04:00:00+0200,100.5,Long,TP,4.92,69591.77,69174.33,71643.69,417.44,0.5998,H1_EMA100
482,V3-locked,2026-04-13 17:30:00+0200,2026-04-19 09:00:00+0200,135.5,Long,TP,5.93,71955.67,71375.24,75400.09,580.43,0.8066,H1_EMA100
483,V3-locked,2026-04-20 15:30:00+0200,2026-04-20 16:30:00+0200,1.0,Long,SL,-1.0,75192.8,74957.51,74957.51,235.29,0.3129,STRUCTURAL_SL
484,V3-locked,2026-04-22 03:00:00+0200,2026-04-25 01:00:00+0200,70.0,Long,TP,0.9,76370.46,75302.01,77328.91,1068.45,1.399,H1_EMA100
485,V3-locked,2026-04-26 07:30:00+0200,2026-04-27 08:00:00+0200,24.5,Long,SL,-0.41,78100.38,77326.51,77785.54,773.87,0.9909,H1_EMA100
486,V3-locked,2026-04-29 07:00:00+0200,2026-04-29 09:00:00+0200,2.0,Long,SL,-0.28,77269.76,76402.72,77031.06,867.04,1.1221,H1_EMA100
487,V3-locked,2026-05-11 14:30:00+0200,2026-05-11 15:30:00+0200,1.0,Long,SL,-1.0,81302.24,80900.0,80900.0,402.24,0.4947,STRUCTURAL_SL
488,V3-locked,2026-05-11 17:30:00+0200,2026-05-12 10:00:00+0200,16.5,Long,SL,-0.54,81343.38,80462.97,80865.4,880.41,1.0823,H1_EMA100
489,V3-locked,2026-05-13 06:30:00+0200,2026-05-13 08:30:00+0200,2.0,Long,SL,-1.0,81210.0,80976.27,80976.27,233.73,0.2878,STRUCTURAL_SL
490,V3-locked,2026-05-14 17:30:00+0200,2026-05-15 08:00:00+0200,14.5,Long,SL,-0.44,80999.99,79561.52,80360.01,1438.47,1.7759,H1_EMA100
491,V3-locked,2026-07-06 00:00:00+0200,2026-07-06 13:30:00+0200,13.5,Long,SL,-1.0,63092.0,62609.47,62609.47,482.53,0.7648,STRUCTURAL_SL
492,V3-locked,2026-07-06 20:00:00+0200,2026-07-07 04:30:00+0200,8.5,Long,SL,-1.0,63587.38,63386.01,63386.01,201.37,0.3167,STRUCTURAL_SL
493,V3-locked,2026-07-07 14:30:00+0200,2026-07-07 15:00:00+0200,0.5,Long,SL,-1.0,63703.0,63116.02,63116.02,586.98,0.9214,STRUCTURAL_SL
494,V3-locked,2026-07-07 17:30:00+0200,2026-07-08 04:30:00+0200,11.0,Long,SL,-1.0,63752.01,62671.39,62671.39,1080.62,1.695,STRUCTURAL_SL
495,V3-locked,2026-07-09 10:00:00+0200,2026-07-09 11:30:00+0200,1.5,Long,SL,-1.0,62999.99,62788.06,62788.06,211.93,0.3364,STRUCTURAL_SL
496,V3-locked,2026-07-12 19:00:00+0200,2026-07-12 23:30:00+0200,4.5,Long,SL,-1.0,64177.7,63958.71,63958.71,218.99,0.3412,STRUCTURAL_SL
497,V3-locked,2026-07-14 15:00:00+0200,2026-07-16 12:00:00+0200,45.0,Long,TP,0.11,63959.99,62780.84,64090.0,1179.15,1.8436,H1_EMA100
498,V3-locked,2026-07-17 22:00:00+0200,2026-07-18 01:00:00+0200,3.0,Long,SL,-1.0,64160.8,63894.0,63894.0,266.8,0.4158,STRUCTURAL_SL
