entry_time,exit_time,entry_price,sl_price,exit_price,exit_reason,r_multiple
2017-07-30T16:30:00+00:00,2017-07-31T05:00:00+00:00,2695.33,2644.47,2707.8,H1_EMA100,0.2452
2017-08-03T09:30:00+00:00,2017-08-09T15:00:00+00:00,2742.0,2706.7,3283.27,H1_EMA100,15.3334
2017-08-10T07:00:00+00:00,2017-08-15T14:00:00+00:00,3360.59,3332.13,3880.1,H1_EMA100,18.254
2017-08-16T15:30:00+00:00,2017-08-18T18:00:00+00:00,4307.84,4094.98,4169.98,H1_EMA100,-0.6477
2017-08-20T09:00:00+00:00,2017-08-20T10:00:00+00:00,4108.0,4030.47,4102.62,H1_EMA100,-0.0694
2017-08-22T18:30:00+00:00,2017-08-28T04:00:00+00:00,4123.5,3900.01,4204.17,H1_EMA100,0.361
2017-08-28T17:30:00+00:00,2017-09-02T06:00:00+00:00,4326.39,4275.0,4721.01,H1_EMA100,7.6789
2017-09-10T20:30:00+00:00,2017-09-10T21:00:00+00:00,4249.42,4241.01,4241.01,SL,-1.0
2017-09-11T16:00:00+00:00,2017-09-11T17:00:00+00:00,4240.0,4172.68,4243.99,H1_EMA100,0.0593
2017-09-15T17:00:00+00:00,2017-09-15T17:30:00+00:00,3580.02,3518.7,3511.0,SL,-1.1256
2017-09-16T19:00:00+00:00,2017-09-16T20:00:00+00:00,3695.82,3569.23,3686.0,H1_EMA100,-0.0776
2017-09-17T16:30:00+00:00,2017-09-17T21:00:00+00:00,3734.33,3599.5,3696.59,H1_EMA100,-0.2799
2017-09-20T14:30:00+00:00,2017-09-20T23:30:00+00:00,4022.0,3920.0,3920.0,SL,-1.0
2017-09-23T06:30:00+00:00,2017-09-23T07:00:00+00:00,3709.34,3668.17,3691.94,H1_EMA100,-0.4226
2017-09-25T03:30:00+00:00,2017-10-03T08:00:00+00:00,3758.89,3674.64,4312.76,H1_EMA100,6.5741
2017-10-04T08:00:00+00:00,2017-10-04T08:30:00+00:00,4321.55,4315.0,4286.12,SL,-5.4092
2017-10-05T13:30:00+00:00,2017-10-15T12:00:00+00:00,4306.54,4235.36,5471.97,H1_EMA100,16.373
2017-10-16T01:30:00+00:00,2017-10-16T02:00:00+00:00,5678.62,5668.13,5668.13,SL,-1.0
2017-10-17T09:30:00+00:00,2017-10-17T10:30:00+00:00,5680.0,5642.16,5642.16,SL,-1.0
2017-10-18T23:30:00+00:00,2017-10-22T05:00:00+00:00,5581.34,5494.33,5875.66,H1_EMA100,3.3826
2017-10-23T02:00:00+00:00,2017-10-23T05:30:00+00:00,5997.97,5908.84,5908.84,SL,-1.0
2017-10-25T21:30:00+00:00,2017-10-25T22:00:00+00:00,5705.01,5540.0,5664.33,H1_EMA100,-0.2465
2017-10-29T06:30:00+00:00,2017-11-06T17:00:00+00:00,5779.85,5749.32,7036.0,H1_EMA100,41.1448
2017-11-08T02:30:00+00:00,2017-11-08T18:30:00+00:00,7303.79,7083.0,7083.0,SL,-1.0
2017-11-13T09:00:00+00:00,2017-11-13T10:00:00+00:00,6270.9,6203.55,6363.23,H1_EMA100,1.3709
2017-11-18T11:00:00+00:00,2017-11-24T00:00:00+00:00,7746.64,7612.05,8057.66,H1_EMA100,2.3109
2017-11-24T09:00:00+00:00,2017-11-25T01:30:00+00:00,8241.89,8125.0,8125.0,SL,-1.0
2017-11-25T08:00:00+00:00,2017-11-29T20:00:00+00:00,8264.99,8160.9,9868.97,H1_EMA100,15.4095
2017-11-30T05:00:00+00:00,2017-11-30T05:30:00+00:00,10511.52,10306.01,10306.01,SL,-1.0
2017-12-01T12:30:00+00:00,2017-12-09T17:00:00+00:00,10305.38,9787.0,13620.13,H1_EMA100,6.3944
2017-12-10T16:00:00+00:00,2017-12-10T22:00:00+00:00,15005.03,13441.29,14500.0,H1_EMA100,-0.323
2017-12-13T13:30:00+00:00,2017-12-13T17:00:00+00:00,16999.98,16385.0,16385.0,SL,-1.0
2017-12-14T12:30:00+00:00,2017-12-14T14:00:00+00:00,16650.47,16334.26,16334.26,SL,-1.0
2017-12-14T18:30:00+00:00,2017-12-14T19:00:00+00:00,16549.02,16400.0,16351.39,SL,-1.3262
2017-12-15T00:30:00+00:00,2017-12-19T11:00:00+00:00,16700.0,16213.88,18130.87,H1_EMA100,2.9435
2017-12-23T04:00:00+00:00,2017-12-23T05:00:00+00:00,14802.76,14223.04,14223.04,SL,-1.0
2017-12-29T04:00:00+00:00,2017-12-29T08:00:00+00:00,14916.03,14135.0,14600.1,H1_EMA100,-0.4045
2017-12-29T17:00:00+00:00,2017-12-29T18:00:00+00:00,14732.4,14299.71,14545.97,H1_EMA100,-0.4309
2018-01-02T10:30:00+00:00,2018-01-02T12:00:00+00:00,13664.99,13378.51,13673.0,H1_EMA100,0.028
2018-01-04T21:00:00+00:00,2018-01-07T18:00:00+00:00,14855.86,14773.67,15789.0,H1_EMA100,11.3534
2018-01-12T11:30:00+00:00,2018-01-12T12:00:00+00:00,14059.98,13329.03,14000.0,H1_EMA100,-0.0821
2018-01-15T11:00:00+00:00,2018-01-15T12:00:00+00:00,13778.12,13550.0,13750.16,H1_EMA100,-0.1226
2018-01-18T02:00:00+00:00,2018-01-18T03:00:00+00:00,11525.32,10888.39,11634.8,H1_EMA100,0.1719
2018-01-20T02:00:00+00:00,2018-01-20T03:00:00+00:00,11731.05,11515.94,11788.95,H1_EMA100,0.2692
2018-01-23T18:30:00+00:00,2018-01-23T19:00:00+00:00,11223.99,10153.5,11164.68,H1_EMA100,-0.0554
2018-01-24T08:00:00+00:00,2018-01-24T09:00:00+00:00,10965.32,10590.06,10883.99,H1_EMA100,-0.2167
2018-01-26T01:30:00+00:00,2018-01-26T07:30:00+00:00,11360.45,11079.86,11079.86,SL,-1.0
2018-01-27T03:30:00+00:00,2018-01-27T04:00:00+00:00,11166.57,10891.02,11150.01,H1_EMA100,-0.0601
2018-02-09T12:00:00+00:00,2018-02-10T17:00:00+00:00,8265.85,8168.88,8409.05,H1_EMA100,1.4767
2018-02-12T03:00:00+00:00,2018-02-13T10:00:00+00:00,8538.03,8298.03,8469.67,H1_EMA100,-0.2848
2018-02-13T21:30:00+00:00,2018-02-13T22:00:00+00:00,8628.98,8533.29,8533.29,SL,-1.0
2018-02-14T03:00:00+00:00,2018-02-21T05:00:00+00:00,8676.88,8467.0,10912.44,H1_EMA100,10.6516
2018-02-26T03:00:00+00:00,2018-02-26T04:00:00+00:00,9756.28,9542.67,9617.12,H1_EMA100,-0.6515
2018-02-26T13:00:00+00:00,2018-03-01T00:00:00+00:00,9896.37,9638.0,10339.68,H1_EMA100,1.7158
2018-03-01T10:30:00+00:00,2018-03-06T11:00:00+00:00,10672.88,10547.06,10874.0,H1_EMA100,1.5985
2018-03-10T01:30:00+00:00,2018-03-10T02:00:00+00:00,9350.03,9217.83,9277.46,H1_EMA100,-0.5489
2018-03-11T14:30:00+00:00,2018-03-11T15:00:00+00:00,9270.0,9155.22,9209.33,H1_EMA100,-0.5286
2018-03-14T02:00:00+00:00,2018-03-14T03:00:00+00:00,9291.57,9132.03,9267.99,H1_EMA100,-0.1478
2018-03-18T23:30:00+00:00,2018-03-22T12:00:00+00:00,8209.85,7455.99,8731.23,H1_EMA100,0.6916
2018-03-23T21:00:00+00:00,2018-03-24T22:00:00+00:00,8617.65,8552.55,8697.0,H1_EMA100,1.2189
2018-03-28T11:30:00+00:00,2018-03-28T12:00:00+00:00,8059.73,7856.0,8009.38,H1_EMA100,-0.2471
2018-04-02T01:30:00+00:00,2018-04-02T02:00:00+00:00,6981.94,6759.96,6949.61,H1_EMA100,-0.1456
2018-04-07T02:30:00+00:00,2018-04-07T03:00:00+00:00,6851.12,6600.99,6830.2,H1_EMA100,-0.0836
2018-04-10T18:00:00+00:00,2018-04-10T19:00:00+00:00,6854.77,6812.64,6840.2,H1_EMA100,-0.3458
2018-04-12T11:30:00+00:00,2018-04-17T19:00:00+00:00,7638.03,6818.0,7875.44,H1_EMA100,0.2895
2018-04-18T09:30:00+00:00,2018-04-18T15:00:00+00:00,8099.52,7870.35,7989.93,H1_EMA100,-0.4782
2018-04-23T04:00:00+00:00,2018-04-23T04:30:00+00:00,8880.67,8835.01,8835.01,SL,-1.0
2018-04-23T07:00:00+00:00,2018-04-23T19:30:00+00:00,8896.8,8850.01,8850.01,SL,-1.0
2018-04-26T22:00:00+00:00,2018-04-27T21:00:00+00:00,9103.69,8829.02,8991.35,H1_EMA100,-0.409
2018-04-28T09:30:00+00:00,2018-04-30T08:00:00+00:00,9266.02,9080.01,9146.37,H1_EMA100,-0.6432
2018-05-02T07:00:00+00:00,2018-05-02T09:00:00+00:00,9152.02,9049.61,9126.22,H1_EMA100,-0.2519
2018-05-09T14:00:00+00:00,2018-05-09T15:00:00+00:00,9262.46,9084.37,9287.13,H1_EMA100,0.1385
2018-05-13T10:30:00+00:00,2018-05-13T11:00:00+00:00,8573.87,8397.76,8568.7,H1_EMA100,-0.0294
2018-05-14T15:30:00+00:00,2018-05-14T23:00:00+00:00,8774.2,8356.4,8648.41,H1_EMA100,-0.3011
2018-05-18T20:30:00+00:00,2018-05-18T21:00:00+00:00,8224.85,8088.46,8249.0,H1_EMA100,0.1771
2018-05-26T09:00:00+00:00,2018-05-26T10:00:00+00:00,7544.99,7406.09,7519.34,H1_EMA100,-0.1847
2018-05-29T12:30:00+00:00,2018-05-30T15:00:00+00:00,7393.59,7097.26,7339.59,H1_EMA100,-0.1822
2018-05-31T06:00:00+00:00,2018-06-01T12:00:00+00:00,7498.52,7335.2,7385.42,H1_EMA100,-0.6925
2018-06-02T04:00:00+00:00,2018-06-04T07:00:00+00:00,7491.79,7438.92,7619.5,H1_EMA100,2.4155
2018-06-05T18:00:00+00:00,2018-06-06T16:30:00+00:00,7616.69,7537.12,7537.12,SL,-1.0
2018-06-06T22:00:00+00:00,2018-06-08T11:00:00+00:00,7659.94,7510.72,7569.57,H1_EMA100,-0.6056
2018-06-09T02:30:00+00:00,2018-06-09T09:00:00+00:00,7680.18,7599.1,7635.0,H1_EMA100,-0.5572
2018-06-14T17:30:00+00:00,2018-06-14T18:00:00+00:00,6609.2,6317.84,6671.76,H1_EMA100,0.2147
2018-06-16T21:00:00+00:00,2018-06-16T22:00:00+00:00,6514.98,6477.75,6548.49,H1_EMA100,0.9001
2018-06-17T16:00:00+00:00,2018-06-17T17:00:00+00:00,6523.92,6451.0,6500.0,H1_EMA100,-0.328
2018-06-20T15:00:00+00:00,2018-06-22T02:00:00+00:00,6758.26,6592.22,6649.34,H1_EMA100,-0.656
2018-06-24T19:30:00+00:00,2018-06-24T20:00:00+00:00,6177.41,5780.0,6168.08,H1_EMA100,-0.0235
2018-06-29T23:00:00+00:00,2018-07-05T19:00:00+00:00,6249.0,5915.31,6480.98,H1_EMA100,0.6952
2018-07-06T17:00:00+00:00,2018-07-06T18:00:00+00:00,6558.91,6545.0,6545.0,SL,-1.0
2018-07-07T23:30:00+00:00,2018-07-10T02:00:00+00:00,6777.75,6520.23,6645.82,H1_EMA100,-0.5123
2018-07-21T17:30:00+00:00,2018-07-22T00:00:00+00:00,7404.99,7336.59,7336.59,SL,-1.0
2018-07-25T23:00:00+00:00,2018-07-26T20:30:00+00:00,8268.4,8126.84,8126.84,SL,-1.0
2018-07-27T18:00:00+00:00,2018-07-28T14:30:00+00:00,8180.99,8112.2,8112.2,SL,-1.0
2018-07-29T14:00:00+00:00,2018-07-30T00:00:00+00:00,8199.08,8109.74,8109.74,SL,-1.0
2018-07-30T02:00:00+00:00,2018-07-30T14:00:00+00:00,8209.62,8069.34,8130.18,H1_EMA100,-0.5663
2018-08-06T02:30:00+00:00,2018-08-06T03:00:00+00:00,7126.98,7035.1,7112.51,H1_EMA100,-0.1575
2018-08-07T09:00:00+00:00,2018-08-07T10:00:00+00:00,7036.4,7010.79,7043.39,H1_EMA100,0.2729
2018-08-11T19:00:00+00:00,2018-08-11T20:00:00+00:00,6397.67,6101.46,6393.48,H1_EMA100,-0.0141
2018-08-15T01:00:00+00:00,2018-08-15T02:00:00+00:00,6219.39,6074.92,6261.72,H1_EMA100,0.293
2018-08-16T08:00:00+00:00,2018-08-16T12:30:00+00:00,6378.78,6286.85,6286.85,SL,-1.0
2018-08-17T03:30:00+00:00,2018-08-18T13:30:00+00:00,6436.16,6328.02,6328.02,SL,-1.0
2018-08-19T14:30:00+00:00,2018-08-19T15:00:00+00:00,6442.03,6401.94,6401.94,SL,-1.0
2018-08-19T21:00:00+00:00,2018-08-20T10:00:00+00:00,6539.99,6353.01,6402.52,H1_EMA100,-0.7352
2018-08-20T17:00:00+00:00,2018-08-20T21:30:00+00:00,6479.99,6415.51,6415.51,SL,-1.0
2018-08-21T11:00:00+00:00,2018-08-21T13:00:00+00:00,6450.79,6409.7,6409.7,SL,-1.0
2018-08-23T22:30:00+00:00,2018-08-24T14:30:00+00:00,6521.24,6466.42,6466.42,SL,-1.0
2018-08-26T15:00:00+00:00,2018-08-26T16:30:00+00:00,6693.69,6662.33,6662.33,SL,-1.0
2018-08-26T19:30:00+00:00,2018-08-30T12:00:00+00:00,6689.64,6624.79,6877.81,H1_EMA100,2.9016
2018-08-31T05:00:00+00:00,2018-08-31T07:30:00+00:00,7005.72,6952.54,6952.54,SL,-1.0
2018-08-31T16:00:00+00:00,2018-09-05T10:00:00+00:00,6950.89,6895.82,7138.8,H1_EMA100,3.4122
2018-09-09T13:00:00+00:00,2018-09-09T14:00:00+00:00,6379.08,6350.65,6373.6,H1_EMA100,-0.1928
2018-09-17T00:00:00+00:00,2018-09-17T04:00:00+00:00,6499.28,6480.06,6480.06,SL,-1.0
2018-09-18T16:30:00+00:00,2018-09-18T17:00:00+00:00,6347.59,6236.87,6330.0,H1_EMA100,-0.1589
2018-09-19T20:00:00+00:00,2018-09-24T10:00:00+00:00,6410.55,6100.0,6593.9,H1_EMA100,0.5904
2018-09-27T12:30:00+00:00,2018-09-27T13:00:00+00:00,6499.79,6451.32,6505.0,H1_EMA100,0.1075
2018-09-29T23:00:00+00:00,2018-09-30T00:00:00+00:00,6579.0,6565.19,6565.19,SL,-1.0
2018-09-30T23:00:00+00:00,2018-10-01T11:00:00+00:00,6608.1,6540.4,6540.4,SL,-1.0
2018-10-04T02:00:00+00:00,2018-10-05T08:00:00+00:00,6555.01,6450.58,6528.69,H1_EMA100,-0.252
2018-10-08T00:00:00+00:00,2018-10-09T14:00:00+00:00,6574.15,6519.7,6562.65,H1_EMA100,-0.2112
2018-10-15T06:00:00+00:00,2018-10-18T18:00:00+00:00,6359.46,6198.36,6404.96,H1_EMA100,0.2824
2018-10-20T08:00:00+00:00,2018-10-20T18:00:00+00:00,6408.26,6384.16,6397.41,H1_EMA100,-0.4502
2018-10-26T10:30:00+00:00,2018-10-26T13:00:00+00:00,6414.22,6382.5,6400.0,H1_EMA100,-0.4483
2018-10-27T23:00:00+00:00,2018-10-28T01:00:00+00:00,6413.54,6391.23,6406.2,H1_EMA100,-0.329
2018-10-29T03:00:00+00:00,2018-10-29T06:30:00+00:00,6412.75,6398.36,6398.36,SL,-1.0
2018-10-31T17:00:00+00:00,2018-10-31T18:00:00+00:00,6312.01,6199.25,6302.49,H1_EMA100,-0.0844
2018-11-05T22:00:00+00:00,2018-11-08T17:00:00+00:00,6401.92,6369.89,6412.85,H1_EMA100,0.3412
2018-11-12T02:30:00+00:00,2018-11-12T04:00:00+00:00,6367.12,6310.0,6366.16,H1_EMA100,-0.0168
2018-11-25T23:00:00+00:00,2018-11-26T00:00:00+00:00,3953.08,3773.96,4011.18,H1_EMA100,0.3244
2018-11-27T23:30:00+00:00,2018-11-28T00:00:00+00:00,3788.73,3690.66,3823.17,H1_EMA100,0.3512
2018-12-01T12:30:00+00:00,2018-12-02T05:00:00+00:00,4148.25,4105.0,4105.0,SL,-1.0
2018-12-02T22:00:00+00:00,2018-12-02T22:30:00+00:00,4148.83,4104.16,4104.16,SL,-1.0
2018-12-12T10:30:00+00:00,2018-12-12T11:00:00+00:00,3414.63,3367.54,3422.03,H1_EMA100,0.1571
2018-12-16T03:30:00+00:00,2018-12-16T04:00:00+00:00,3228.8,3213.24,3246.11,H1_EMA100,1.1125
2018-12-17T07:30:00+00:00,2018-12-17T08:00:00+00:00,3228.32,3211.68,3233.29,H1_EMA100,0.2987
2018-12-28T16:30:00+00:00,2018-12-30T00:00:00+00:00,3848.2,3602.92,3727.8,H1_EMA100,-0.4909
2018-12-30T20:30:00+00:00,2018-12-31T02:00:00+00:00,3815.83,3758.1,3791.88,H1_EMA100,-0.4149
2019-01-04T23:30:00+00:00,2019-01-06T00:00:00+00:00,3826.74,3753.04,3793.2,H1_EMA100,-0.4551
2019-01-06T15:30:00+00:00,2019-01-10T06:30:00+00:00,3835.9,3810.0,3810.0,SL,-1.0
2019-01-14T16:00:00+00:00,2019-01-15T10:00:00+00:00,3668.54,3510.61,3637.51,H1_EMA100,-0.1965
2019-01-16T13:30:00+00:00,2019-01-16T14:00:00+00:00,3624.78,3610.48,3626.73,H1_EMA100,0.1364
2019-01-17T18:00:00+00:00,2019-01-18T05:00:00+00:00,3619.58,3594.54,3618.17,H1_EMA100,-0.0563
2019-01-19T03:00:00+00:00,2019-01-19T07:00:00+00:00,3620.0,3602.6,3618.68,H1_EMA100,-0.0759
2019-01-22T14:30:00+00:00,2019-01-22T15:00:00+00:00,3566.06,3543.95,3564.99,H1_EMA100,-0.0484
2019-01-24T15:00:00+00:00,2019-01-24T16:00:00+00:00,3563.28,3545.0,3556.26,H1_EMA100,-0.384
2019-01-26T01:00:00+00:00,2019-01-26T02:00:00+00:00,3560.65,3556.21,3556.21,SL,-1.0
2019-02-01T14:00:00+00:00,2019-02-01T17:00:00+00:00,3438.85,3417.06,3424.77,H1_EMA100,-0.6462
2019-02-08T10:00:00+00:00,2019-02-12T11:00:00+00:00,3383.1,3353.34,3566.02,H1_EMA100,6.1465
2019-02-12T20:00:00+00:00,2019-02-12T21:30:00+00:00,3599.32,3575.0,3575.0,SL,-1.0
2019-02-15T05:00:00+00:00,2019-02-15T05:30:00+00:00,3580.3,3571.31,3571.31,SL,-1.0
2019-02-16T03:00:00+00:00,2019-02-16T12:00:00+00:00,3579.21,3572.4,3572.4,SL,-1.0
2019-02-17T23:30:00+00:00,2019-02-24T15:00:00+00:00,3612.45,3582.7,3796.72,H1_EMA100,6.1939
2019-02-28T05:00:00+00:00,2019-02-28T06:00:00+00:00,3807.29,3798.64,3805.51,H1_EMA100,-0.2058
2019-03-01T10:30:00+00:00,2019-03-01T11:00:00+00:00,3813.04,3802.69,3808.99,H1_EMA100,-0.3913
2019-03-03T01:30:00+00:00,2019-03-03T02:00:00+00:00,3813.09,3804.3,3812.16,H1_EMA100,-0.1058
2019-03-03T14:00:00+00:00,2019-03-03T15:00:00+00:00,3813.39,3774.38,3795.52,H1_EMA100,-0.4581
2019-03-09T07:30:00+00:00,2019-03-11T05:30:00+00:00,3905.0,3854.35,3854.35,SL,-1.0
2019-03-12T12:30:00+00:00,2019-03-12T15:30:00+00:00,3867.99,3849.75,3849.75,SL,-1.0
2019-03-14T02:00:00+00:00,2019-03-14T03:00:00+00:00,3862.14,3844.84,3850.32,H1_EMA100,-0.6832
2019-03-17T14:30:00+00:00,2019-03-18T05:30:00+00:00,3969.51,3950.76,3950.76,SL,-1.0
2019-03-18T22:30:00+00:00,2019-03-19T04:30:00+00:00,3973.73,3956.82,3956.82,SL,-1.0
2019-03-19T12:30:00+00:00,2019-03-21T14:30:00+00:00,3969.9,3954.28,3954.28,SL,-1.0
2019-03-22T18:00:00+00:00,2019-03-22T20:00:00+00:00,3994.74,3984.2,3984.2,SL,-1.0
2019-03-23T03:30:00+00:00,2019-03-23T10:30:00+00:00,3994.69,3968.54,3968.54,SL,-1.0
2019-03-25T04:30:00+00:00,2019-03-25T05:00:00+00:00,3974.96,3969.26,3973.05,H1_EMA100,-0.3351
2019-03-27T01:30:00+00:00,2019-04-11T04:00:00+00:00,3956.46,3912.19,5218.56,H1_EMA100,28.5091
2019-04-14T16:30:00+00:00,2019-04-14T17:00:00+00:00,5085.76,5062.54,5090.45,H1_EMA100,0.202
2019-04-16T17:30:00+00:00,2019-04-21T10:00:00+00:00,5186.84,5077.0,5271.67,H1_EMA100,0.7723
2019-04-22T10:30:00+00:00,2019-04-24T18:00:00+00:00,5301.85,5272.84,5388.88,H1_EMA100,3.0
2019-04-25T17:30:00+00:00,2019-04-25T21:30:00+00:00,5488.08,5451.27,5451.27,SL,-1.0
2019-04-29T05:30:00+00:00,2019-04-29T06:00:00+00:00,5179.65,5166.81,5177.92,H1_EMA100,-0.1347
2019-04-30T11:00:00+00:00,2019-05-06T08:00:00+00:00,5184.41,5136.77,5611.32,H1_EMA100,8.9612
2019-05-06T18:30:00+00:00,2019-05-16T21:00:00+00:00,5711.05,5630.0,7900.59,H1_EMA100,27.0147
2019-05-20T22:00:00+00:00,2019-05-21T11:30:00+00:00,8050.0,7796.23,7796.23,SL,-1.0
2019-05-26T19:30:00+00:00,2019-05-29T06:00:00+00:00,8247.59,7992.93,8526.54,H1_EMA100,1.0954
2019-05-29T15:30:00+00:00,2019-05-29T16:00:00+00:00,8716.81,8690.36,8690.36,SL,-1.0
2019-05-30T05:30:00+00:00,2019-05-30T16:00:00+00:00,8716.58,8661.49,8661.49,SL,-1.0
2019-05-31T21:30:00+00:00,2019-06-01T06:00:00+00:00,8527.53,8425.84,8516.91,H1_EMA100,-0.1044
2019-06-10T12:30:00+00:00,2019-06-11T11:00:00+00:00,7977.93,7631.22,7817.69,H1_EMA100,-0.4622
2019-06-11T21:30:00+00:00,2019-06-12T00:30:00+00:00,7937.88,7861.22,7861.22,SL,-1.0
2019-06-19T08:30:00+00:00,2019-06-19T09:30:00+00:00,9172.26,9124.66,9124.66,SL,-1.0
2019-06-19T21:30:00+00:00,2019-06-27T11:00:00+00:00,9165.12,9104.0,11957.41,H1_EMA100,45.6854
2019-06-28T12:00:00+00:00,2019-06-28T12:30:00+00:00,12070.75,11740.82,11740.82,SL,-1.0
2019-06-29T13:00:00+00:00,2019-06-30T08:00:00+00:00,12048.14,11503.24,11770.82,H1_EMA100,-0.5089
2019-07-02T18:30:00+00:00,2019-07-02T19:00:00+00:00,10598.18,10405.0,10843.39,H1_EMA100,1.2693
2019-07-06T04:00:00+00:00,2019-07-06T05:30:00+00:00,11505.71,11328.85,11328.85,SL,-1.0
2019-07-07T15:00:00+00:00,2019-07-07T15:30:00+00:00,11344.33,11305.0,11305.0,SL,-1.0
2019-07-07T18:30:00+00:00,2019-07-10T20:00:00+00:00,11486.52,11138.88,11735.01,H1_EMA100,0.7148
2019-07-15T19:00:00+00:00,2019-07-15T20:00:00+00:00,10920.72,10363.46,10880.4,H1_EMA100,-0.0724
2019-07-18T15:30:00+00:00,2019-07-21T15:00:00+00:00,10374.26,9280.33,10417.76,H1_EMA100,0.0398
2019-07-22T06:30:00+00:00,2019-07-22T09:00:00+00:00,10614.24,10516.39,10516.39,SL,-1.0
2019-07-25T01:30:00+00:00,2019-07-25T05:00:00+00:00,10095.9,9734.19,10072.11,H1_EMA100,-0.0658
2019-07-29T02:30:00+00:00,2019-07-29T03:00:00+00:00,9649.0,9488.0,9618.28,H1_EMA100,-0.1908
2019-07-30T13:00:00+00:00,2019-07-30T14:00:00+00:00,9545.27,9443.96,9573.64,H1_EMA100,0.28
2019-08-04T16:00:00+00:00,2019-08-08T20:00:00+00:00,10970.83,10663.67,11577.2,H1_EMA100,1.9741
2019-08-09T01:00:00+00:00,2019-08-10T11:00:00+00:00,11962.6,11490.0,11490.0,SL,-1.0
2019-08-11T23:00:00+00:00,2019-08-12T00:00:00+00:00,11500.0,11276.41,11487.94,H1_EMA100,-0.0539
2019-08-15T21:30:00+00:00,2019-08-15T22:00:00+00:00,10344.21,10076.1,10430.0,H1_EMA100,0.32
2019-08-16T16:00:00+00:00,2019-08-16T17:00:00+00:00,10398.94,10035.17,10502.01,H1_EMA100,0.2833
2019-08-18T12:00:00+00:00,2019-08-18T20:00:00+00:00,10415.19,10335.76,10335.76,SL,-1.0
2019-08-20T16:30:00+00:00,2019-08-21T03:30:00+00:00,10773.04,10560.32,10560.32,SL,-1.0
2019-08-25T13:00:00+00:00,2019-08-25T14:00:00+00:00,10327.56,10105.31,10105.31,SL,-1.0
2019-08-26T00:30:00+00:00,2019-08-27T03:00:00+00:00,10552.25,9907.86,10145.63,H1_EMA100,-0.631
2019-08-28T15:30:00+00:00,2019-08-28T18:00:00+00:00,10243.16,10153.15,10153.15,SL,-1.0
2019-08-31T22:30:00+00:00,2019-08-31T23:00:00+00:00,9637.76,9443.19,9610.0,H1_EMA100,-0.1427
2019-09-01T16:00:00+00:00,2019-09-01T16:30:00+00:00,9617.02,9576.64,9576.64,SL,-1.0
2019-09-01T19:00:00+00:00,2019-09-01T20:00:00+00:00,9609.78,9538.75,9614.26,H1_EMA100,0.0631
2019-09-04T17:30:00+00:00,2019-09-06T17:30:00+00:00,10648.87,10413.11,10413.11,SL,-1.0
2019-09-07T21:00:00+00:00,2019-09-07T23:00:00+00:00,10518.54,10481.73,10481.73,SL,-1.0
2019-09-12T00:00:00+00:00,2019-09-12T01:00:00+00:00,10163.81,10094.42,10133.38,H1_EMA100,-0.4385
2019-09-12T09:00:00+00:00,2019-09-12T10:00:00+00:00,10146.04,10052.89,10134.99,H1_EMA100,-0.1186
2019-09-14T00:30:00+00:00,2019-09-14T12:00:00+00:00,10359.09,10255.04,10255.04,SL,-1.0
2019-09-16T02:00:00+00:00,2019-09-16T06:00:00+00:00,10369.75,10293.71,10293.71,SL,-1.0
2019-09-19T20:30:00+00:00,2019-09-20T09:00:00+00:00,10284.79,10024.48,10133.59,H1_EMA100,-0.5808
2019-09-22T21:00:00+00:00,2019-09-22T22:00:00+00:00,10014.99,9961.46,10022.94,H1_EMA100,0.1485
2019-09-30T14:30:00+00:00,2019-10-02T05:00:00+00:00,8161.65,7995.73,8209.2,H1_EMA100,0.2866
2019-10-03T00:00:00+00:00,2019-10-03T10:00:00+00:00,8377.68,8243.67,8243.67,SL,-1.0
2019-10-04T19:30:00+00:00,2019-10-04T20:00:00+00:00,8203.63,8165.78,8201.45,H1_EMA100,-0.0576
2019-10-06T00:30:00+00:00,2019-10-06T01:00:00+00:00,8154.69,8127.09,8127.09,SL,-1.0
2019-10-07T12:30:00+00:00,2019-10-09T04:00:00+00:00,8044.52,7984.43,8127.93,H1_EMA100,1.3881
2019-10-09T10:30:00+00:00,2019-10-09T11:00:00+00:00,8216.1,8172.41,8172.41,SL,-1.0
2019-10-14T20:30:00+00:00,2019-10-14T21:00:00+00:00,8347.87,8329.76,8329.76,SL,-1.0
2019-10-19T13:00:00+00:00,2019-10-19T14:00:00+00:00,8053.88,7875.0,8011.23,H1_EMA100,-0.2384
2019-10-20T14:30:00+00:00,2019-10-22T21:00:00+00:00,7975.0,7954.67,8112.0,H1_EMA100,6.7388
2019-10-25T11:30:00+00:00,2019-10-25T12:00:00+00:00,7614.03,7453.04,7630.29,H1_EMA100,0.101
2019-10-29T11:00:00+00:00,2019-10-29T13:00:00+00:00,9461.83,9377.15,9377.15,SL,-1.0
2019-10-29T23:00:00+00:00,2019-10-30T00:00:00+00:00,9463.18,9400.32,9400.32,SL,-1.0
2019-10-31T13:30:00+00:00,2019-10-31T22:00:00+00:00,9292.15,8961.53,9151.55,H1_EMA100,-0.4253
2019-11-01T19:00:00+00:00,2019-11-03T09:00:00+00:00,9190.76,9154.28,9241.16,H1_EMA100,1.3816
2019-11-04T12:00:00+00:00,2019-11-05T08:00:00+00:00,9273.31,9151.23,9253.73,H1_EMA100,-0.1604
2019-11-05T16:00:00+00:00,2019-11-05T16:30:00+00:00,9370.38,9330.99,9330.99,SL,-1.0
2019-11-06T07:00:00+00:00,2019-11-06T13:30:00+00:00,9387.7,9315.0,9315.0,SL,-1.0
2019-11-12T23:00:00+00:00,2019-11-13T00:00:00+00:00,8770.27,8741.74,8792.26,H1_EMA100,0.7708
2019-11-13T09:00:00+00:00,2019-11-13T10:00:00+00:00,8768.75,8721.0,8767.76,H1_EMA100,-0.0207
2019-11-13T20:30:00+00:00,2019-11-13T21:00:00+00:00,8775.0,8730.0,8748.38,H1_EMA100,-0.5916
2019-11-17T09:30:00+00:00,2019-11-17T10:00:00+00:00,8515.0,8375.0,8533.64,H1_EMA100,0.1331
2019-11-25T15:00:00+00:00,2019-11-25T16:00:00+00:00,7171.97,7052.83,7213.39,H1_EMA100,0.3477
2019-11-26T23:30:00+00:00,2019-11-27T00:00:00+00:00,7175.82,7080.38,7145.07,H1_EMA100,-0.3222
2019-11-27T14:00:00+00:00,2019-11-30T18:00:00+00:00,7266.5,6890.52,7496.49,H1_EMA100,0.6117
2019-12-04T14:00:00+00:00,2019-12-04T20:30:00+00:00,7495.46,7197.47,7197.47,SL,-1.0
2019-12-05T09:30:00+00:00,2019-12-05T10:00:00+00:00,7334.55,7270.0,7340.4,H1_EMA100,0.0906
2019-12-08T12:30:00+00:00,2019-12-09T01:30:00+00:00,7524.86,7494.11,7494.11,SL,-1.0
2019-12-12T19:00:00+00:00,2019-12-12T20:00:00+00:00,7205.66,7182.68,7204.04,H1_EMA100,-0.0705
2019-12-18T17:00:00+00:00,2019-12-18T18:00:00+00:00,6878.65,6776.44,6844.72,H1_EMA100,-0.332
2019-12-22T08:30:00+00:00,2019-12-24T08:00:00+00:00,7173.78,7124.52,7258.25,H1_EMA100,1.7148
2019-12-27T21:30:00+00:00,2019-12-27T22:00:00+00:00,7208.0,7169.64,7224.92,H1_EMA100,0.4411
2020-01-03T07:30:00+00:00,2020-01-09T17:00:00+00:00,7210.45,7178.81,7787.58,H1_EMA100,18.2405
2020-01-10T15:30:00+00:00,2020-01-19T12:00:00+00:00,8031.76,7842.92,8612.86,H1_EMA100,3.0772
2020-01-21T21:30:00+00:00,2020-01-22T04:00:00+00:00,8743.86,8480.0,8711.23,H1_EMA100,-0.1237
2020-01-24T16:00:00+00:00,2020-01-24T17:00:00+00:00,8493.33,8421.14,8448.97,H1_EMA100,-0.6145
2020-01-26T08:30:00+00:00,2020-01-26T09:00:00+00:00,8442.95,8320.1,8375.72,H1_EMA100,-0.5473
2020-02-01T02:00:00+00:00,2020-02-01T11:30:00+00:00,9420.4,9321.41,9321.41,SL,-1.0
2020-02-01T18:30:00+00:00,2020-02-02T00:30:00+00:00,9380.81,9313.58,9313.58,SL,-1.0
2020-02-02T11:00:00+00:00,2020-02-02T23:00:00+00:00,9409.43,9338.94,9338.94,SL,-1.0
2020-02-05T07:30:00+00:00,2020-02-05T08:00:00+00:00,9269.04,9237.19,9237.19,SL,-1.0
2020-02-08T05:00:00+00:00,2020-02-10T06:00:00+00:00,9749.02,9658.58,9969.61,H1_EMA100,2.4391
2020-02-14T15:30:00+00:00,2020-02-15T06:00:00+00:00,10262.68,10211.49,10211.49,SL,-1.0
2020-02-18T06:30:00+00:00,2020-02-18T07:00:00+00:00,9779.66,9719.52,9796.83,H1_EMA100,0.2855
2020-02-18T16:00:00+00:00,2020-02-19T21:30:00+00:00,9854.59,9602.6,9602.6,SL,-1.0
2020-02-22T20:30:00+00:00,2020-02-22T21:00:00+00:00,9700.06,9677.32,9700.0,H1_EMA100,-0.0026
2020-03-02T05:00:00+00:00,2020-03-02T06:00:00+00:00,8644.88,8594.85,8678.6,H1_EMA100,0.674
2020-03-04T05:00:00+00:00,2020-03-04T06:30:00+00:00,8825.52,8780.53,8780.53,SL,-1.0
2020-03-05T01:30:00+00:00,2020-03-07T18:00:00+00:00,8861.14,8741.01,8881.78,H1_EMA100,0.1718
2020-03-12T01:00:00+00:00,2020-03-12T01:30:00+00:00,7918.04,7800.1,7800.1,SL,-1.0
2020-03-15T22:00:00+00:00,2020-03-15T23:00:00+00:00,5942.04,5173.0,5362.84,H1_EMA100,-0.7531
2020-03-17T03:00:00+00:00,2020-03-17T04:00:00+00:00,5317.97,4936.0,5244.25,H1_EMA100,-0.193
2020-03-18T20:30:00+00:00,2020-03-18T21:00:00+00:00,5348.98,5310.62,5387.6,H1_EMA100,1.0068
2020-03-21T21:00:00+00:00,2020-03-21T21:30:00+00:00,6340.09,6184.32,6184.32,SL,-1.0
2020-03-23T14:00:00+00:00,2020-03-28T00:00:00+00:00,6300.31,5831.37,6250.4,H1_EMA100,-0.1064
2020-03-30T08:00:00+00:00,2020-03-30T10:00:00+00:00,6258.84,6182.19,6282.95,H1_EMA100,0.3145
2020-04-01T23:30:00+00:00,2020-04-10T04:00:00+00:00,6590.39,6350.0,7121.32,H1_EMA100,2.2086
2020-04-12T13:30:00+00:00,2020-04-12T14:00:00+00:00,6913.76,6839.78,6957.51,H1_EMA100,0.5914
2020-04-13T23:30:00+00:00,2020-04-14T00:00:00+00:00,6859.47,6821.18,6868.99,H1_EMA100,0.2486
2020-04-16T09:00:00+00:00,2020-04-20T11:00:00+00:00,7058.29,6873.89,7067.43,H1_EMA100,0.0496
2020-04-22T07:30:00+00:00,2020-04-22T08:00:00+00:00,6950.56,6860.08,6938.85,H1_EMA100,-0.1294
2020-05-01T06:00:00+00:00,2020-05-01T16:00:00+00:00,8813.06,8665.0,8665.0,SL,-1.0
2020-05-01T22:30:00+00:00,2020-05-04T01:00:00+00:00,8852.77,8672.38,8672.38,SL,-1.0
2020-05-04T19:30:00+00:00,2020-05-10T00:00:00+00:00,8883.78,8750.02,8750.02,SL,-1.0
2020-05-12T10:00:00+00:00,2020-05-12T11:00:00+00:00,8795.06,8718.12,8759.75,H1_EMA100,-0.4589
2020-05-17T02:30:00+00:00,2020-05-17T05:30:00+00:00,9525.06,9473.02,9473.02,SL,-1.0
2020-05-19T00:00:00+00:00,2020-05-19T00:30:00+00:00,9730.0,9663.3,9587.06,SL,-2.143
2020-05-19T10:00:00+00:00,2020-05-20T15:00:00+00:00,9794.18,9545.23,9545.23,SL,-1.0
2020-05-23T22:00:00+00:00,2020-05-23T23:00:00+00:00,9229.5,9165.99,9195.16,H1_EMA100,-0.5407
2020-05-29T23:00:00+00:00,2020-05-30T00:00:00+00:00,9424.95,9369.5,9369.5,SL,-1.0
2020-05-30T05:00:00+00:00,2020-06-02T14:30:00+00:00,9506.58,9326.28,9326.28,SL,-1.0
2020-06-04T01:00:00+00:00,2020-06-04T09:00:00+00:00,9629.08,9591.84,9591.84,SL,-1.0
2020-06-04T13:30:00+00:00,2020-06-05T08:00:00+00:00,9745.0,9630.56,9630.56,SL,-1.0
2020-06-07T00:00:00+00:00,2020-06-07T07:00:00+00:00,9673.08,9632.4,9655.32,H1_EMA100,-0.4366
2020-06-07T22:00:00+00:00,2020-06-09T08:00:00+00:00,9710.24,9465.55,9675.4,H1_EMA100,-0.1424
2020-06-09T14:00:00+00:00,2020-06-10T18:30:00+00:00,9714.83,9666.95,9666.95,SL,-1.0
2020-06-14T00:00:00+00:00,2020-06-14T01:00:00+00:00,9478.93,9409.92,9435.14,H1_EMA100,-0.6345
2020-06-15T19:00:00+00:00,2020-06-17T14:00:00+00:00,9422.3,9331.0,9400.34,H1_EMA100,-0.2405
2020-06-20T22:30:00+00:00,2020-06-21T08:00:00+00:00,9396.38,9304.95,9304.95,SL,-1.0
2020-06-22T03:30:00+00:00,2020-06-24T08:00:00+00:00,9373.5,9304.81,9519.47,H1_EMA100,2.1251
2020-06-28T15:00:00+00:00,2020-06-28T16:00:00+00:00,9158.41,9035.73,9180.83,H1_EMA100,0.1828
2020-06-29T17:30:00+00:00,2020-06-29T19:00:00+00:00,9148.58,9014.92,9135.98,H1_EMA100,-0.0943
2020-07-02T13:30:00+00:00,2020-07-02T15:00:00+00:00,9238.84,9182.97,9182.97,SL,-1.0
2020-07-04T18:30:00+00:00,2020-07-05T03:00:00+00:00,9164.05,9049.8,9124.43,H1_EMA100,-0.3468
2020-07-06T03:30:00+00:00,2020-07-06T04:00:00+00:00,9086.56,9060.5,9080.0,H1_EMA100,-0.2517
2020-07-08T02:30:00+00:00,2020-07-08T08:30:00+00:00,9298.49,9235.24,9235.24,SL,-1.0
2020-07-12T01:30:00+00:00,2020-07-12T12:00:00+00:00,9255.13,9230.41,9263.07,H1_EMA100,0.3212
2020-07-12T23:00:00+00:00,2020-07-13T19:00:00+00:00,9296.1,9219.41,9219.41,SL,-1.0
2020-07-14T20:00:00+00:00,2020-07-14T21:00:00+00:00,9270.76,9242.45,9242.45,SL,-1.0
2020-07-17T13:30:00+00:00,2020-07-17T14:00:00+00:00,9151.68,9097.37,9142.13,H1_EMA100,-0.1758
2020-07-19T21:30:00+00:00,2020-07-20T10:30:00+00:00,9162.91,9145.55,9145.55,SL,-1.0
2020-07-20T15:00:00+00:00,2020-07-20T20:00:00+00:00,9169.7,9143.9,9176.29,H1_EMA100,0.2554
2020-07-21T02:00:00+00:00,2020-08-02T05:00:00+00:00,9178.98,9152.23,11260.37,H1_EMA100,77.809
2020-08-03T15:30:00+00:00,2020-08-03T21:30:00+00:00,11373.1,11286.61,11286.61,SL,-1.0
2020-08-05T07:00:00+00:00,2020-08-07T14:00:00+00:00,11286.47,11230.2,11230.2,SL,-1.0
2020-08-08T11:30:00+00:00,2020-08-09T14:00:00+00:00,11766.59,11579.85,11579.85,SL,-1.0
2020-08-10T01:00:00+00:00,2020-08-10T10:00:00+00:00,11752.62,11654.99,11654.99,SL,-1.0
2020-08-12T15:30:00+00:00,2020-08-12T16:00:00+00:00,11586.04,11541.83,11574.59,H1_EMA100,-0.259
2020-08-16T23:00:00+00:00,2020-08-17T00:00:00+00:00,11907.95,11834.12,11834.12,SL,-1.0
2020-08-17T03:00:00+00:00,2020-08-18T15:00:00+00:00,11862.19,11771.44,12026.06,H1_EMA100,1.8057
2020-08-20T16:00:00+00:00,2020-08-20T17:00:00+00:00,11870.58,11820.19,11862.79,H1_EMA100,-0.1546
2020-08-22T22:00:00+00:00,2020-08-22T23:00:00+00:00,11671.57,11572.41,11673.4,H1_EMA100,0.0185
2020-08-23T16:30:00+00:00,2020-08-23T17:00:00+00:00,11628.97,11524.7,11648.1,H1_EMA100,0.1835
2020-08-26T17:00:00+00:00,2020-08-26T18:00:00+00:00,11473.47,11434.94,11467.92,H1_EMA100,-0.144
2020-08-28T06:00:00+00:00,2020-08-28T07:00:00+00:00,11404.61,11371.28,11400.0,H1_EMA100,-0.1383
2020-09-01T05:00:00+00:00,2020-09-02T09:00:00+00:00,11705.36,11610.15,11736.22,H1_EMA100,0.3241
2020-09-07T23:00:00+00:00,2020-09-08T00:00:00+00:00,10390.72,10138.3,10340.52,H1_EMA100,-0.1989
2020-09-09T09:30:00+00:00,2020-09-09T10:00:00+00:00,10192.17,10061.3,10176.0,H1_EMA100,-0.1236
2020-09-11T19:00:00+00:00,2020-09-12T14:00:00+00:00,10323.98,10254.51,10333.76,H1_EMA100,0.1408
2020-09-14T09:30:00+00:00,2020-09-20T13:00:00+00:00,10362.49,10329.49,10855.76,H1_EMA100,14.9476
2020-09-21T04:30:00+00:00,2020-09-21T07:00:00+00:00,10993.41,10923.33,10923.33,SL,-1.0
2020-09-27T20:00:00+00:00,2020-09-28T23:30:00+00:00,10738.2,10700.82,10700.82,SL,-1.0
2020-09-30T00:00:00+00:00,2020-09-30T03:30:00+00:00,10840.0,10751.5,10751.5,SL,-1.0
2020-09-30T17:00:00+00:00,2020-09-30T18:00:00+00:00,10790.03,10756.47,10756.47,SL,-1.0
2020-10-01T00:30:00+00:00,2020-10-01T15:30:00+00:00,10802.46,10732.54,10732.54,SL,-1.0
2020-10-03T17:00:00+00:00,2020-10-03T18:00:00+00:00,10578.71,10538.52,10586.38,H1_EMA100,0.1908
2020-10-07T19:30:00+00:00,2020-10-07T20:00:00+00:00,10667.01,10655.0,10651.0,SL,-1.3331
2020-10-08T14:00:00+00:00,2020-10-14T16:00:00+00:00,10736.22,10614.93,11361.33,H1_EMA100,5.1538
2020-10-18T00:30:00+00:00,2020-10-26T17:00:00+00:00,11375.54,11335.24,12900.0,H1_EMA100,37.8278
2020-10-27T02:00:00+00:00,2020-10-28T14:00:00+00:00,13094.34,13057.09,13057.09,SL,-1.0
2020-10-29T16:30:00+00:00,2020-10-30T00:00:00+00:00,13581.89,13371.06,13371.06,SL,-1.0
2020-10-30T16:30:00+00:00,2020-11-02T09:00:00+00:00,13523.45,13242.79,13508.98,H1_EMA100,-0.0516
2020-11-03T14:30:00+00:00,2020-11-04T08:00:00+00:00,13703.04,13483.28,13691.2,H1_EMA100,-0.0539
2020-11-08T15:00:00+00:00,2020-11-09T14:30:00+00:00,15360.0,15116.58,15116.58,SL,-1.0
2020-11-10T05:00:00+00:00,2020-11-10T05:30:00+00:00,15403.46,15336.29,15336.29,SL,-1.0
2020-11-10T23:00:00+00:00,2020-11-10T23:30:00+00:00,15385.57,15291.43,15291.43,SL,-1.0
2020-11-15T09:00:00+00:00,2020-11-15T10:00:00+00:00,16132.95,16016.4,16016.4,SL,-1.0
2020-11-16T05:30:00+00:00,2020-11-22T11:00:00+00:00,16142.27,15939.13,17967.65,H1_EMA100,8.9858
2020-11-22T21:30:00+00:00,2020-11-22T23:00:00+00:00,18628.26,18509.66,18509.66,SL,-1.0
2020-11-23T08:30:00+00:00,2020-11-23T13:00:00+00:00,18646.22,18441.45,18441.45,SL,-1.0
2020-11-24T09:30:00+00:00,2020-11-26T00:00:00+00:00,18890.93,18382.05,18859.78,H1_EMA100,-0.0612
2020-12-02T12:00:00+00:00,2020-12-02T12:30:00+00:00,19124.72,19036.04,18951.02,SL,-1.9587
2020-12-02T20:00:00+00:00,2020-12-03T01:30:00+00:00,19123.39,18970.59,18970.59,SL,-1.0
2020-12-05T13:00:00+00:00,2020-12-05T22:00:00+00:00,19081.02,18923.79,19039.25,H1_EMA100,-0.2657
2020-12-06T18:00:00+00:00,2020-12-07T12:00:00+00:00,19134.16,19025.0,19200.83,H1_EMA100,0.6108
2020-12-08T05:30:00+00:00,2020-12-08T06:00:00+00:00,19212.13,19171.75,19171.75,SL,-1.0
2020-12-22T14:30:00+00:00,2020-12-23T11:00:00+00:00,23496.11,23110.67,23110.67,SL,-1.0
2020-12-24T19:00:00+00:00,2021-01-04T10:00:00+00:00,23324.83,23159.96,28969.17,H1_EMA100,34.2351
2021-01-05T16:00:00+00:00,2021-01-10T18:00:00+00:00,32169.78,31153.24,38004.2,H1_EMA100,5.7395
2021-01-12T07:00:00+00:00,2021-01-12T08:00:00+00:00,36030.2,34987.02,36120.99,H1_EMA100,0.087
2021-01-13T11:30:00+00:00,2021-01-13T12:00:00+00:00,34866.63,34195.93,34195.93,SL,-1.0
2021-01-16T12:00:00+00:00,2021-01-16T12:30:00+00:00,37687.65,37104.63,36945.82,SL,-1.2724
2021-01-17T22:30:00+00:00,2021-01-17T23:00:00+00:00,36472.68,35561.82,36370.85,H1_EMA100,-0.1118
2021-01-18T10:00:00+00:00,2021-01-18T11:00:00+00:00,36552.1,36102.4,36102.4,SL,-1.0
2021-01-24T05:30:00+00:00,2021-01-24T06:00:00+00:00,32860.7,32368.0,32738.26,H1_EMA100,-0.2485
2021-01-25T02:00:00+00:00,2021-01-25T03:00:00+00:00,32866.44,32440.98,32759.84,H1_EMA100,-0.2506
2021-01-28T07:00:00+00:00,2021-01-28T07:30:00+00:00,31612.39,31121.55,31121.55,SL,-1.0
2021-01-30T22:30:00+00:00,2021-01-31T00:30:00+00:00,34578.27,33994.35,33994.35,SL,-1.0
2021-02-04T18:30:00+00:00,2021-02-05T01:30:00+00:00,37421.0,36822.48,36822.48,SL,-1.0
2021-02-05T07:00:00+00:00,2021-02-07T16:00:00+00:00,37430.83,37060.0,37783.29,H1_EMA100,0.9505
2021-02-08T08:00:00+00:00,2021-02-08T10:00:00+00:00,39320.37,38883.49,38883.49,SL,-1.0
2021-02-11T12:00:00+00:00,2021-02-15T03:00:00+00:00,46101.29,45388.88,47354.91,H1_EMA100,1.7597
2021-02-15T17:30:00+00:00,2021-02-16T00:00:00+00:00,48702.09,47500.0,47500.0,SL,-1.0
2021-02-16T23:00:00+00:00,2021-02-22T10:00:00+00:00,49118.48,48354.0,54468.94,H1_EMA100,6.9988
2021-02-25T01:30:00+00:00,2021-02-25T02:00:00+00:00,50852.31,48050.0,50522.0,H1_EMA100,-0.1179
2021-02-25T12:00:00+00:00,2021-02-25T15:00:00+00:00,50367.47,48656.25,50965.3,H1_EMA100,0.3494
2021-02-27T06:00:00+00:00,2021-02-27T07:00:00+00:00,47829.0,47282.24,47282.24,SL,-1.0
2021-03-01T02:00:00+00:00,2021-03-01T03:00:00+00:00,46268.77,44932.94,46578.31,H1_EMA100,0.2317
2021-03-03T03:00:00+00:00,2021-03-04T17:30:00+00:00,48631.0,48484.23,48484.23,SL,-1.0
2021-03-05T20:00:00+00:00,2021-03-06T02:00:00+00:00,49331.18,48211.65,48211.65,SL,-1.0
2021-03-06T22:00:00+00:00,2021-03-15T08:00:00+00:00,48606.3,48303.04,58228.01,H1_EMA100,31.7276
2021-03-16T22:30:00+00:00,2021-03-16T23:00:00+00:00,56644.72,56092.29,56314.48,H1_EMA100,-0.5978
2021-03-17T19:30:00+00:00,2021-03-18T20:00:00+00:00,57797.5,55192.04,57683.39,H1_EMA100,-0.0438
2021-03-19T08:30:00+00:00,2021-03-21T03:00:00+00:00,58134.18,57460.83,57785.62,H1_EMA100,-0.5177
2021-03-24T09:00:00+00:00,2021-03-24T17:00:00+00:00,56312.55,53719.51,55941.69,H1_EMA100,-0.143
2021-03-26T08:00:00+00:00,2021-03-26T09:00:00+00:00,53649.0,52418.94,53623.7,H1_EMA100,-0.0206
2021-03-29T09:00:00+00:00,2021-04-03T18:00:00+00:00,57133.2,54892.42,58439.17,H1_EMA100,0.5828
2021-04-05T14:30:00+00:00,2021-04-06T14:00:00+00:00,58659.1,57792.87,57792.87,SL,-1.0
2021-04-08T13:30:00+00:00,2021-04-08T14:00:00+00:00,57446.76,56349.17,57784.23,H1_EMA100,0.3075
2021-04-11T23:00:00+00:00,2021-04-12T10:30:00+00:00,60053.64,59386.42,59386.42,SL,-1.0
2021-04-13T01:00:00+00:00,2021-04-16T05:00:00+00:00,60413.61,59780.0,62104.52,H1_EMA100,2.6687
2021-04-17T04:00:00+00:00,2021-04-17T04:30:00+00:00,62479.84,62166.58,62166.58,SL,-1.0
2021-04-20T14:30:00+00:00,2021-04-20T15:00:00+00:00,56124.37,55661.65,55361.08,SL,-1.6496
2021-04-24T20:00:00+00:00,2021-04-24T21:00:00+00:00,50737.0,50559.77,50932.16,H1_EMA100,1.1012
2021-04-25T17:00:00+00:00,2021-04-25T17:30:00+00:00,50450.0,50101.0,49977.9,SL,-1.3527
2021-04-26T02:00:00+00:00,2021-04-29T05:00:00+00:00,51982.63,50495.26,53900.55,H1_EMA100,1.2895
2021-04-30T07:00:00+00:00,2021-04-30T08:00:00+00:00,54469.2,54213.44,54213.44,SL,-1.0
2021-05-03T02:00:00+00:00,2021-05-04T00:30:00+00:00,58090.63,56248.87,56248.87,SL,-1.0
2021-05-05T13:30:00+00:00,2021-05-06T19:00:00+00:00,55992.4,55035.46,55694.14,H1_EMA100,-0.3117
2021-05-07T13:30:00+00:00,2021-05-09T12:30:00+00:00,57243.26,56281.91,56281.91,SL,-1.0
2021-05-10T01:30:00+00:00,2021-05-10T08:00:00+00:00,58763.45,58102.91,58102.91,SL,-1.0
2021-05-11T20:30:00+00:00,2021-05-11T21:00:00+00:00,56841.58,56322.46,56661.58,H1_EMA100,-0.3467
2021-05-12T14:00:00+00:00,2021-05-12T15:00:00+00:00,56878.68,55869.58,55869.58,SL,-1.0
2021-05-16T10:00:00+00:00,2021-05-16T11:00:00+00:00,49275.24,48678.27,49352.62,H1_EMA100,0.1296
2021-05-24T07:30:00+00:00,2021-05-24T08:00:00+00:00,36247.8,34426.21,36474.8,H1_EMA100,0.1246
2021-05-26T22:30:00+00:00,2021-05-27T00:30:00+00:00,39166.27,38576.2,38576.2,SL,-1.0
2021-05-27T11:30:00+00:00,2021-05-27T16:00:00+00:00,39661.47,39156.79,39156.79,SL,-1.0
2021-05-30T08:30:00+00:00,2021-05-30T09:00:00+00:00,35657.0,35569.8,35885.16,H1_EMA100,2.6165
2021-05-31T09:30:00+00:00,2021-05-31T10:00:00+00:00,36225.24,34393.47,36765.1,H1_EMA100,0.2947
2021-06-01T14:00:00+00:00,2021-06-01T16:00:00+00:00,37034.22,35699.98,36305.65,H1_EMA100,-0.5461
2021-06-02T06:00:00+00:00,2021-06-04T06:00:00+00:00,36818.2,36515.0,36875.43,H1_EMA100,0.1888
2021-06-07T02:30:00+00:00,2021-06-07T04:00:00+00:00,36601.28,36186.59,36308.88,H1_EMA100,-0.7051
2021-06-09T07:30:00+00:00,2021-06-09T08:00:00+00:00,34220.41,33408.02,34047.85,H1_EMA100,-0.2124
2021-06-11T04:30:00+00:00,2021-06-12T02:00:00+00:00,36733.22,36008.67,36008.67,SL,-1.0
2021-06-13T13:30:00+00:00,2021-06-13T14:00:00+00:00,35971.99,35762.63,35762.63,SL,-1.0
2021-06-20T23:30:00+00:00,2021-06-21T00:00:00+00:00,35571.63,35400.0,35400.0,SL,-1.0
2021-06-24T12:30:00+00:00,2021-06-25T10:00:00+00:00,34024.1,33137.44,33669.96,H1_EMA100,-0.3994
2021-06-27T01:30:00+00:00,2021-06-27T10:00:00+00:00,32842.98,32129.57,32647.56,H1_EMA100,-0.2739
2021-07-02T23:30:00+00:00,2021-07-03T00:00:00+00:00,33752.95,33421.61,33696.26,H1_EMA100,-0.1711
2021-07-06T06:00:00+00:00,2021-07-06T09:00:00+00:00,34797.3,34542.15,34542.15,SL,-1.0
2021-07-07T04:00:00+00:00,2021-07-07T22:00:00+00:00,34508.66,34033.11,34271.49,H1_EMA100,-0.4987
2021-07-09T14:30:00+00:00,2021-07-09T15:00:00+00:00,33493.96,32648.22,33585.3,H1_EMA100,0.108
2021-07-11T10:00:00+00:00,2021-07-12T11:00:00+00:00,33697.94,33381.58,33676.31,H1_EMA100,-0.0684
2021-07-14T16:00:00+00:00,2021-07-14T16:30:00+00:00,32781.44,32735.99,32735.99,SL,-1.0
2021-07-16T18:00:00+00:00,2021-07-16T19:00:00+00:00,32063.93,31812.17,31976.08,H1_EMA100,-0.3489
2021-07-17T18:30:00+00:00,2021-07-17T19:00:00+00:00,31807.15,31548.12,31876.28,H1_EMA100,0.2669
2021-07-21T05:30:00+00:00,2021-07-21T06:00:00+00:00,30682.62,29821.88,30832.0,H1_EMA100,0.1735
2021-07-23T21:00:00+00:00,2021-07-30T12:00:00+00:00,32501.38,32085.0,38812.28,H1_EMA100,15.1566
2021-07-30T21:30:00+00:00,2021-08-01T23:00:00+00:00,40908.37,39077.75,39724.73,H1_EMA100,-0.6466
2021-08-04T14:30:00+00:00,2021-08-04T15:00:00+00:00,39104.83,37481.0,39315.16,H1_EMA100,0.1295
2021-08-05T17:30:00+00:00,2021-08-12T12:00:00+00:00,40222.62,38576.01,44463.27,H1_EMA100,2.5754
2021-08-13T06:30:00+00:00,2021-08-15T08:00:00+00:00,45595.33,45140.7,45773.38,H1_EMA100,0.3916
2021-08-15T23:00:00+00:00,2021-08-16T13:30:00+00:00,47271.23,46499.29,46499.29,SL,-1.0
2021-08-17T12:30:00+00:00,2021-08-17T13:00:00+00:00,47037.81,46626.66,46626.66,SL,-1.0
2021-08-18T18:00:00+00:00,2021-08-18T18:30:00+00:00,45811.02,45618.95,45618.95,SL,-1.0
2021-08-19T16:00:00+00:00,2021-08-24T14:00:00+00:00,45795.79,44417.51,48574.91,H1_EMA100,2.0164
2021-08-25T18:30:00+00:00,2021-08-26T03:00:00+00:00,48943.29,48522.71,48522.71,SL,-1.0
2021-08-29T20:00:00+00:00,2021-08-29T21:30:00+00:00,48846.64,48724.66,48724.66,SL,-1.0
2021-08-30T21:00:00+00:00,2021-08-30T21:30:00+00:00,48656.8,48376.93,48250.05,SL,-1.4534
2021-09-01T10:30:00+00:00,2021-09-01T11:00:00+00:00,47715.3,47098.9,47711.71,H1_EMA100,-0.0058
2021-09-03T05:00:00+00:00,2021-09-07T10:00:00+00:00,49734.5,48351.6,50982.78,H1_EMA100,0.9027
2021-09-11T17:00:00+00:00,2021-09-11T18:00:00+00:00,45890.65,45439.85,45624.64,H1_EMA100,-0.5901
2021-09-12T09:00:00+00:00,2021-09-12T10:00:00+00:00,46155.25,45065.36,45919.45,H1_EMA100,-0.2164
2021-09-14T02:30:00+00:00,2021-09-14T03:00:00+00:00,45061.14,44704.18,45175.03,H1_EMA100,0.3191
2021-09-17T04:00:00+00:00,2021-09-17T07:30:00+00:00,47909.27,47738.69,47738.69,SL,-1.0
2021-09-18T04:30:00+00:00,2021-09-19T11:30:00+00:00,48122.99,47520.0,47520.0,SL,-1.0
2021-09-22T16:00:00+00:00,2021-09-22T17:00:00+00:00,43246.76,42294.47,43078.47,H1_EMA100,-0.1767
2021-09-26T12:00:00+00:00,2021-09-26T23:00:00+00:00,43098.66,40808.0,42979.81,H1_EMA100,-0.0519
2021-09-29T07:30:00+00:00,2021-09-29T08:00:00+00:00,42482.94,42142.06,42387.69,H1_EMA100,-0.2794
2021-09-30T02:30:00+00:00,2021-10-12T19:00:00+00:00,43148.12,41086.59,55722.11,H1_EMA100,6.0993
2021-10-13T18:00:00+00:00,2021-10-17T21:00:00+00:00,56928.46,56043.59,59824.79,H1_EMA100,3.2732
2021-10-18T00:30:00+00:00,2021-10-18T15:30:00+00:00,61947.32,59305.0,59305.0,SL,-1.0
2021-10-25T01:00:00+00:00,2021-10-26T15:00:00+00:00,61845.25,60670.0,62076.17,H1_EMA100,0.1965
2021-10-28T10:00:00+00:00,2021-10-28T18:30:00+00:00,61056.52,60438.96,60438.96,SL,-1.0
2021-10-30T11:00:00+00:00,2021-10-30T14:00:00+00:00,61845.25,61267.26,61267.26,SL,-1.0
2021-10-31T00:00:00+00:00,2021-10-31T05:00:00+00:00,61904.96,61230.0,61230.0,SL,-1.0
2021-11-01T01:00:00+00:00,2021-11-01T02:00:00+00:00,61643.01,61181.31,61181.31,SL,-1.0
2021-11-01T08:30:00+00:00,2021-11-01T17:00:00+00:00,62119.97,60320.0,60845.02,H1_EMA100,-0.7083
2021-11-02T06:00:00+00:00,2021-11-03T14:00:00+00:00,61834.93,60838.36,62053.31,H1_EMA100,0.2191
2021-11-03T22:30:00+00:00,2021-11-04T01:00:00+00:00,62861.88,62747.09,62747.09,SL,-1.0
2021-11-05T06:30:00+00:00,2021-11-05T09:00:00+00:00,62533.78,61940.76,61940.76,SL,-1.0
2021-11-06T22:30:00+00:00,2021-11-06T23:00:00+00:00,61382.0,61175.25,61460.11,H1_EMA100,0.3778
2021-11-10T14:30:00+00:00,2021-11-10T20:30:00+00:00,68343.37,65982.95,65982.95,SL,-1.0
2021-11-13T16:00:00+00:00,2021-11-13T19:00:00+00:00,64710.63,63446.92,64097.06,H1_EMA100,-0.4855
2021-11-15T00:00:00+00:00,2021-11-15T15:30:00+00:00,65509.87,64375.14,64375.14,SL,-1.0
2021-11-24T21:30:00+00:00,2021-11-24T22:00:00+00:00,57302.34,56560.85,57207.46,H1_EMA100,-0.128
2021-11-28T21:30:00+00:00,2021-11-30T06:00:00+00:00,55818.4,53308.93,56382.82,H1_EMA100,0.2249
2021-11-30T13:00:00+00:00,2021-11-30T16:30:00+00:00,57871.68,56618.84,56618.84,SL,-1.0
2021-12-01T14:30:00+00:00,2021-12-01T19:00:00+00:00,58566.84,57073.63,57073.63,SL,-1.0
2021-12-03T11:30:00+00:00,2021-12-03T13:00:00+00:00,57108.61,56744.65,56989.35,H1_EMA100,-0.3277
2021-12-08T21:00:00+00:00,2021-12-08T22:00:00+00:00,50749.81,50368.0,50711.78,H1_EMA100,-0.0996
2021-12-10T14:30:00+00:00,2021-12-10T15:00:00+00:00,49523.55,48887.0,48248.23,SL,-2.0035
2021-12-14T22:30:00+00:00,2021-12-15T01:00:00+00:00,48172.94,46754.18,48137.79,H1_EMA100,-0.0248
2021-12-15T20:30:00+00:00,2021-12-16T18:00:00+00:00,49326.06,46560.0,48206.71,H1_EMA100,-0.4047
2021-12-19T03:00:00+00:00,2021-12-19T10:00:00+00:00,47186.76,46450.0,47027.74,H1_EMA100,-0.2158
2021-12-20T22:30:00+00:00,2021-12-20T23:00:00+00:00,46883.5,46026.33,47032.08,H1_EMA100,0.1733
2021-12-23T17:00:00+00:00,2021-12-26T04:00:00+00:00,49111.18,48685.54,49738.92,H1_EMA100,1.4748
2021-12-26T22:00:00+00:00,2021-12-28T01:00:00+00:00,50843.22,49953.42,50194.39,H1_EMA100,-0.7292
2022-01-01T16:30:00+00:00,2022-01-01T17:00:00+00:00,47511.54,46859.19,47363.07,H1_EMA100,-0.2276
2022-01-02T16:30:00+00:00,2022-01-02T18:00:00+00:00,47474.3,47030.05,47030.05,SL,-1.0
2022-01-03T13:30:00+00:00,2022-01-03T14:00:00+00:00,47321.56,46788.0,47091.92,H1_EMA100,-0.4304
2022-01-04T14:30:00+00:00,2022-01-04T16:00:00+00:00,46919.82,46416.03,46684.27,H1_EMA100,-0.4676
2022-01-05T11:00:00+00:00,2022-01-05T11:30:00+00:00,46829.13,46338.32,46338.32,SL,-1.0
2022-01-05T15:00:00+00:00,2022-01-05T16:00:00+00:00,46750.7,46155.25,46680.29,H1_EMA100,-0.1182
2022-01-09T17:30:00+00:00,2022-01-09T18:00:00+00:00,42087.24,41200.0,42258.84,H1_EMA100,0.1934
2022-01-11T02:00:00+00:00,2022-01-11T03:00:00+00:00,41936.41,41570.1,42145.84,H1_EMA100,0.5717
2022-01-14T20:00:00+00:00,2022-01-15T04:00:00+00:00,43107.82,42796.49,42796.49,SL,-1.0
2022-01-16T08:00:00+00:00,2022-01-16T08:30:00+00:00,43242.55,43157.79,43157.79,SL,-1.0
2022-01-16T16:00:00+00:00,2022-01-16T20:00:00+00:00,43304.45,42615.0,43016.82,H1_EMA100,-0.4172
2022-01-19T00:00:00+00:00,2022-01-19T01:00:00+00:00,42378.23,41520.84,42435.93,H1_EMA100,0.0673
2022-01-19T15:00:00+00:00,2022-01-19T15:30:00+00:00,42520.24,42100.33,42100.33,SL,-1.0
2022-01-20T07:30:00+00:00,2022-01-20T08:00:00+00:00,42005.01,41800.0,41925.0,H1_EMA100,-0.3903
2022-01-24T00:30:00+00:00,2022-01-24T01:00:00+00:00,35852.79,34624.59,35838.02,H1_EMA100,-0.012
2022-01-24T20:30:00+00:00,2022-01-24T23:00:00+00:00,36095.74,33830.82,36586.14,H1_EMA100,0.2165
2022-01-28T01:30:00+00:00,2022-01-28T09:00:00+00:00,37001.69,35903.95,36713.2,H1_EMA100,-0.2628
2022-01-28T15:30:00+00:00,2022-01-31T01:00:00+00:00,37008.29,36173.98,36903.38,H1_EMA100,-0.1257
2022-01-31T17:00:00+00:00,2022-02-02T14:30:00+00:00,38351.82,37650.0,37650.0,SL,-1.0
2022-02-04T03:00:00+00:00,2022-02-04T04:00:00+00:00,37346.79,37064.28,37319.2,H1_EMA100,-0.0977
2022-02-08T22:30:00+00:00,2022-02-11T00:30:00+00:00,44090.44,42721.09,42721.09,SL,-1.0
2022-02-14T13:30:00+00:00,2022-02-14T14:00:00+00:00,42652.09,41961.66,42684.36,H1_EMA100,0.0467
2022-02-16T20:30:00+00:00,2022-02-17T04:00:00+00:00,44258.44,43537.44,43537.44,SL,-1.0
2022-02-21T05:30:00+00:00,2022-02-21T06:00:00+00:00,39429.31,38833.81,39250.06,H1_EMA100,-0.301
2022-02-24T21:00:00+00:00,2022-02-27T02:00:00+00:00,38438.67,35821.0,38515.18,H1_EMA100,0.0292
2022-02-27T11:30:00+00:00,2022-02-27T13:30:00+00:00,39499.81,38659.86,38659.86,SL,-1.0
2022-02-28T15:00:00+00:00,2022-03-03T17:00:00+00:00,39830.5,37958.38,42128.77,H1_EMA100,1.2276
2022-03-07T16:00:00+00:00,2022-03-07T17:00:00+00:00,39080.86,38648.86,38648.86,SL,-1.0
2022-03-13T04:30:00+00:00,2022-03-13T05:00:00+00:00,39212.49,38980.94,39168.07,H1_EMA100,-0.1918
2022-03-14T10:00:00+00:00,2022-03-14T11:00:00+00:00,39162.32,38881.31,38881.31,SL,-1.0
2022-03-15T15:30:00+00:00,2022-03-20T18:00:00+00:00,39155.12,38488.88,41206.12,H1_EMA100,3.0785
2022-03-22T03:00:00+00:00,2022-03-31T15:00:00+00:00,41857.31,41059.52,46543.9,H1_EMA100,5.8745
2022-04-01T17:30:00+00:00,2022-04-01T21:00:00+00:00,46316.21,44734.52,46450.71,H1_EMA100,0.085
2022-04-03T09:30:00+00:00,2022-04-03T10:30:00+00:00,46352.67,46188.66,46188.66,SL,-1.0
2022-04-04T23:00:00+00:00,2022-04-05T13:00:00+00:00,46743.49,46376.87,46376.87,SL,-1.0
2022-04-13T15:00:00+00:00,2022-04-13T17:00:00+00:00,40665.44,39630.52,41121.44,H1_EMA100,0.4406
2022-04-15T17:30:00+00:00,2022-04-15T18:00:00+00:00,40484.15,40243.82,40429.09,H1_EMA100,-0.2291
2022-04-17T01:30:00+00:00,2022-04-17T02:00:00+00:00,40408.09,40200.0,40290.93,H1_EMA100,-0.563
2022-04-17T09:30:00+00:00,2022-04-17T10:00:00+00:00,40481.82,40240.0,40425.5,H1_EMA100,-0.2329
2022-04-18T19:00:00+00:00,2022-04-21T21:00:00+00:00,40667.24,39050.0,40783.49,H1_EMA100,0.0719
2022-04-25T19:00:00+00:00,2022-04-26T14:00:00+00:00,39903.07,39324.19,39672.83,H1_EMA100,-0.3977
2022-04-27T17:30:00+00:00,2022-04-27T18:00:00+00:00,39081.58,38428.12,39004.44,H1_EMA100,-0.118
2022-05-02T23:30:00+00:00,2022-05-03T00:00:00+00:00,38670.63,38572.97,38506.38,SL,-1.6819
2022-05-04T08:30:00+00:00,2022-05-05T15:00:00+00:00,38833.59,37945.79,37945.79,SL,-1.0
2022-05-13T02:00:00+00:00,2022-05-13T03:00:00+00:00,29436.1,28686.37,30432.42,H1_EMA100,1.3289
2022-05-14T23:00:00+00:00,2022-05-15T00:00:00+00:00,30184.71,29541.65,30095.45,H1_EMA100,-0.1388
2022-05-17T04:00:00+00:00,2022-05-17T15:00:00+00:00,30351.57,29863.03,29971.35,H1_EMA100,-0.7783
2022-05-17T22:00:00+00:00,2022-05-18T01:30:00+00:00,30532.16,30060.04,30060.04,SL,-1.0
2022-05-19T14:30:00+00:00,2022-05-20T15:00:00+00:00,29750.32,29320.82,29320.82,SL,-1.0
2022-05-22T09:00:00+00:00,2022-05-23T19:00:00+00:00,29535.27,29321.76,29321.76,SL,-1.0
2022-05-25T00:00:00+00:00,2022-05-25T01:00:00+00:00,29626.53,29500.0,29556.35,H1_EMA100,-0.5547
2022-06-02T23:00:00+00:00,2022-06-03T01:00:00+00:00,30471.18,30214.03,30473.57,H1_EMA100,0.0093
2022-06-05T16:00:00+00:00,2022-06-05T17:00:00+00:00,29949.37,29616.67,30018.65,H1_EMA100,0.2082
2022-06-07T20:30:00+00:00,2022-06-08T03:30:00+00:00,31309.66,30126.45,30126.45,SL,-1.0
2022-06-09T09:30:00+00:00,2022-06-09T11:30:00+00:00,30552.66,30335.89,30335.89,SL,-1.0
2022-06-15T22:30:00+00:00,2022-06-15T23:00:00+00:00,22605.34,21430.77,22606.28,H1_EMA100,0.0008
2022-06-23T09:00:00+00:00,2022-06-23T13:30:00+00:00,20562.85,20419.38,20419.38,SL,-1.0
2022-06-25T21:30:00+00:00,2022-06-26T17:00:00+00:00,21365.25,21137.72,21137.72,SL,-1.0
2022-06-27T09:30:00+00:00,2022-06-27T11:00:00+00:00,21420.72,21327.46,21327.46,SL,-1.0
2022-07-01T02:00:00+00:00,2022-07-01T04:00:00+00:00,20379.62,18711.24,19538.6,H1_EMA100,-0.5041
2022-07-03T20:30:00+00:00,2022-07-03T21:00:00+00:00,19525.14,19155.66,19305.35,H1_EMA100,-0.5949
2022-07-04T10:30:00+00:00,2022-07-05T12:00:00+00:00,19473.41,19115.95,19473.43,H1_EMA100,0.0001
2022-07-05T20:00:00+00:00,2022-07-10T14:00:00+00:00,20377.42,19521.76,20931.72,H1_EMA100,0.6478
2022-07-16T15:00:00+00:00,2022-07-18T00:00:00+00:00,20807.69,20596.58,20880.6,H1_EMA100,0.3454
2022-07-18T05:30:00+00:00,2022-07-22T20:00:00+00:00,21590.89,21245.19,22699.09,H1_EMA100,3.2057
2022-07-24T08:00:00+00:00,2022-07-24T08:30:00+00:00,22694.99,22630.66,22630.37,SL,-1.0045
2022-08-02T18:30:00+00:00,2022-08-02T19:00:00+00:00,23183.26,22819.23,23076.09,H1_EMA100,-0.2944
2022-08-03T09:00:00+00:00,2022-08-03T22:30:00+00:00,23288.87,22975.89,22975.89,SL,-1.0
2022-08-05T05:00:00+00:00,2022-08-05T13:00:00+00:00,23163.5,22625.51,23013.74,H1_EMA100,-0.2784
2022-08-07T17:30:00+00:00,2022-08-07T23:00:00+00:00,23228.94,23094.72,23094.72,SL,-1.0
2022-08-10T13:30:00+00:00,2022-08-12T11:00:00+00:00,24144.0,23041.0,23752.0,H1_EMA100,-0.3554
2022-08-12T21:00:00+00:00,2022-08-14T18:00:00+00:00,24261.0,24070.0,24290.0,H1_EMA100,0.1518
2022-08-15T03:00:00+00:00,2022-08-15T06:30:00+00:00,24933.0,24351.0,24351.0,SL,-1.0
2022-08-17T06:00:00+00:00,2022-08-17T07:00:00+00:00,24173.0,24011.0,24011.0,SL,-1.0
2022-08-23T10:00:00+00:00,2022-08-23T11:00:00+00:00,21443.0,20899.0,21411.0,H1_EMA100,-0.0588
2022-08-24T12:30:00+00:00,2022-08-24T13:00:00+00:00,21470.0,21264.0,21428.0,H1_EMA100,-0.2039
2022-08-29T14:30:00+00:00,2022-08-29T15:00:00+00:00,20308.0,19864.0,20197.0,H1_EMA100,-0.25
2022-08-31T04:00:00+00:00,2022-08-31T07:00:00+00:00,20399.0,19757.0,20285.0,H1_EMA100,-0.1776
2022-08-31T22:00:00+00:00,2022-08-31T22:30:00+00:00,20282.0,20159.0,20111.0,SL,-1.3902
2022-09-02T00:30:00+00:00,2022-09-02T01:00:00+00:00,20089.0,20061.0,20061.0,SL,-1.0
2022-09-06T01:00:00+00:00,2022-09-06T02:00:00+00:00,20105.0,19757.0,19757.0,SL,-1.0
2022-09-07T21:30:00+00:00,2022-09-07T22:00:00+00:00,19360.0,18995.0,19386.0,H1_EMA100,0.0712
2022-09-17T01:30:00+00:00,2022-09-17T02:00:00+00:00,19973.0,19700.0,19898.0,H1_EMA100,-0.2747
2022-09-19T21:00:00+00:00,2022-09-19T22:00:00+00:00,19529.0,19421.0,19480.0,H1_EMA100,-0.4537
2022-09-21T13:30:00+00:00,2022-09-21T14:00:00+00:00,19294.0,19084.0,19465.0,H1_EMA100,0.8143
2022-09-22T10:30:00+00:00,2022-09-22T11:00:00+00:00,19204.0,18701.0,19043.0,H1_EMA100,-0.3201
2022-09-24T00:30:00+00:00,2022-09-24T02:00:00+00:00,19187.0,18806.0,19159.0,H1_EMA100,-0.0735
2022-09-25T09:30:00+00:00,2022-09-25T10:00:00+00:00,19082.0,18944.0,19056.0,H1_EMA100,-0.1884
2022-09-26T10:00:00+00:00,2022-09-26T12:00:00+00:00,19084.0,18690.0,18919.0,H1_EMA100,-0.4188
2022-09-28T17:00:00+00:00,2022-09-29T13:00:00+00:00,19506.0,19040.0,19299.0,H1_EMA100,-0.4442
2022-09-29T21:00:00+00:00,2022-09-30T12:30:00+00:00,19510.0,19264.0,19264.0,SL,-1.0
2022-10-03T13:30:00+00:00,2022-10-03T14:00:00+00:00,19253.0,19192.0,19178.0,SL,-1.2295
2022-10-05T17:30:00+00:00,2022-10-06T22:00:00+00:00,20219.0,19735.0,19928.0,H1_EMA100,-0.6012
2022-10-13T19:30:00+00:00,2022-10-14T17:00:00+00:00,19349.0,18907.0,19341.0,H1_EMA100,-0.0181
2022-10-16T20:00:00+00:00,2022-10-16T21:30:00+00:00,19375.0,19122.0,19122.0,SL,-1.0
2022-10-20T15:00:00+00:00,2022-10-20T16:00:00+00:00,19335.0,19132.0,19170.0,H1_EMA100,-0.8128
2022-10-21T19:00:00+00:00,2022-10-21T22:00:00+00:00,19140.0,19094.0,19181.0,H1_EMA100,0.8913
2022-10-23T16:00:00+00:00,2022-10-25T10:00:00+00:00,19194.0,19079.0,19279.0,H1_EMA100,0.7391
2022-10-25T14:00:00+00:00,2022-10-28T08:00:00+00:00,19484.0,19265.0,20107.0,H1_EMA100,2.8447
2022-10-28T17:00:00+00:00,2022-10-31T01:00:00+00:00,20714.0,20417.0,20569.0,H1_EMA100,-0.4882
2022-10-31T13:30:00+00:00,2022-10-31T14:00:00+00:00,20677.0,20460.0,20348.0,SL,-1.5161
2022-11-01T08:00:00+00:00,2022-11-01T12:00:00+00:00,20594.0,20467.0,20543.0,H1_EMA100,-0.4016
2022-11-02T04:30:00+00:00,2022-11-02T05:00:00+00:00,20530.0,20508.0,20508.0,SL,-1.0
2022-11-04T04:30:00+00:00,2022-11-04T05:00:00+00:00,20345.0,20282.0,20362.0,H1_EMA100,0.2698
2022-11-06T10:30:00+00:00,2022-11-06T16:00:00+00:00,21251.0,21178.0,21178.0,SL,-1.0
2022-11-10T16:30:00+00:00,2022-11-10T17:00:00+00:00,17878.0,17411.0,17691.0,H1_EMA100,-0.4004
2022-11-14T10:30:00+00:00,2022-11-14T11:00:00+00:00,16730.0,15784.0,16762.0,H1_EMA100,0.0338
2022-11-15T02:00:00+00:00,2022-11-15T03:00:00+00:00,16691.0,16511.0,16803.0,H1_EMA100,0.6222
2022-11-17T19:00:00+00:00,2022-11-17T19:30:00+00:00,16697.0,16610.0,16610.0,SL,-1.0
2022-11-19T22:30:00+00:00,2022-11-20T02:00:00+00:00,16780.0,16610.0,16681.0,H1_EMA100,-0.5824
2022-11-22T16:00:00+00:00,2022-11-22T17:00:00+00:00,16226.0,16023.0,16131.0,H1_EMA100,-0.468
2022-11-25T21:00:00+00:00,2022-11-26T18:30:00+00:00,16518.0,16471.0,16471.0,SL,-1.0
2022-11-27T07:00:00+00:00,2022-11-27T08:00:00+00:00,16555.0,16533.0,16533.0,SL,-1.0
2022-11-29T05:00:00+00:00,2022-11-29T15:00:00+00:00,16428.0,16252.0,16412.0,H1_EMA100,-0.0909
2022-12-02T13:00:00+00:00,2022-12-02T13:30:00+00:00,17035.0,16954.0,16954.0,SL,-1.0
2022-12-02T21:00:00+00:00,2022-12-03T07:30:00+00:00,17031.0,16935.0,16935.0,SL,-1.0
2022-12-04T05:30:00+00:00,2022-12-04T11:30:00+00:00,17040.0,16959.0,16959.0,SL,-1.0
2022-12-04T15:00:00+00:00,2022-12-05T19:00:00+00:00,17012.0,16939.0,16939.0,SL,-1.0
2022-12-07T02:00:00+00:00,2022-12-07T06:00:00+00:00,17044.0,16963.0,16994.0,H1_EMA100,-0.6173
2022-12-08T16:00:00+00:00,2022-12-11T21:00:00+00:00,16922.0,16833.0,17134.0,H1_EMA100,2.382
2022-12-12T21:30:00+00:00,2022-12-15T14:00:00+00:00,17186.0,16989.0,17544.0,H1_EMA100,1.8173
2022-12-20T06:00:00+00:00,2022-12-20T08:00:00+00:00,16791.0,16680.0,16788.0,H1_EMA100,-0.027
2022-12-22T03:30:00+00:00,2022-12-22T06:00:00+00:00,16850.0,16817.0,16817.0,SL,-1.0
2022-12-23T03:00:00+00:00,2022-12-23T13:30:00+00:00,16851.0,16776.0,16776.0,SL,-1.0
2022-12-24T03:00:00+00:00,2022-12-24T07:00:00+00:00,16830.0,16804.0,16839.0,H1_EMA100,0.3462
2022-12-26T02:30:00+00:00,2022-12-26T15:00:00+00:00,16879.0,16822.0,16822.0,SL,-1.0
2022-12-26T20:30:00+00:00,2022-12-27T11:00:00+00:00,16842.0,16815.0,16815.0,SL,-1.0
2023-01-01T17:00:00+00:00,2023-01-01T18:00:00+00:00,16562.0,16535.0,16588.0,H1_EMA100,0.963
2023-01-04T03:00:00+00:00,2023-01-06T11:00:00+00:00,16730.0,16690.0,16737.0,H1_EMA100,0.175
2023-01-06T19:30:00+00:00,2023-01-18T21:00:00+00:00,16855.0,16810.0,20754.0,H1_EMA100,86.6444
2023-01-19T20:00:00+00:00,2023-01-25T02:00:00+00:00,21095.0,20800.0,22583.0,H1_EMA100,5.0441
2023-01-25T21:30:00+00:00,2023-01-27T01:30:00+00:00,23003.0,22664.0,22664.0,SL,-1.0
2023-01-29T01:30:00+00:00,2023-01-30T10:00:00+00:00,23397.0,22981.0,23282.0,H1_EMA100,-0.2764
2023-01-31T17:30:00+00:00,2023-01-31T20:30:00+00:00,23139.0,23060.0,23060.0,SL,-1.0
2023-02-01T20:00:00+00:00,2023-02-03T14:00:00+00:00,23392.0,22768.0,23315.0,H1_EMA100,-0.1234
2023-02-04T19:00:00+00:00,2023-02-04T21:30:00+00:00,23450.0,23392.0,23392.0,SL,-1.0
2023-02-17T18:30:00+00:00,2023-02-20T01:00:00+00:00,24356.0,23933.0,23933.0,SL,-1.0
2023-02-20T10:30:00+00:00,2023-02-21T16:00:00+00:00,24842.0,24383.0,24383.0,SL,-1.0
2023-02-23T03:30:00+00:00,2023-02-23T10:00:00+00:00,24532.0,24134.0,24313.0,H1_EMA100,-0.5503
2023-02-28T00:00:00+00:00,2023-02-28T01:00:00+00:00,23497.0,23126.0,23428.0,H1_EMA100,-0.186
2023-02-28T16:00:00+00:00,2023-02-28T17:00:00+00:00,23523.0,23329.0,23505.0,H1_EMA100,-0.0928
2023-03-01T05:30:00+00:00,2023-03-01T19:30:00+00:00,23687.0,23411.0,23411.0,SL,-1.0
2023-03-05T02:30:00+00:00,2023-03-05T03:00:00+00:00,22544.0,22318.0,22414.0,H1_EMA100,-0.5752
2023-03-06T14:30:00+00:00,2023-03-06T15:00:00+00:00,22441.0,22360.0,22439.0,H1_EMA100,-0.0247
2023-03-11T03:00:00+00:00,2023-03-11T04:00:00+00:00,20649.0,19864.0,20457.0,H1_EMA100,-0.2446
2023-03-16T10:30:00+00:00,2023-03-22T20:00:00+00:00,24870.0,24459.0,27176.0,H1_EMA100,5.6107
2023-03-23T16:00:00+00:00,2023-03-24T12:00:00+00:00,28649.0,27368.0,28029.0,H1_EMA100,-0.484
2023-03-26T09:30:00+00:00,2023-03-27T06:00:00+00:00,27710.0,27520.0,27817.0,H1_EMA100,0.5632
2023-03-31T15:30:00+00:00,2023-04-02T16:00:00+00:00,28387.0,27859.0,28033.0,H1_EMA100,-0.6705
2023-04-03T12:00:00+00:00,2023-04-03T12:30:00+00:00,28265.0,28230.0,28141.0,SL,-3.5429
2023-04-04T10:00:00+00:00,2023-04-04T14:00:00+00:00,28209.0,28056.0,28169.0,H1_EMA100,-0.2614
2023-04-08T04:30:00+00:00,2023-04-08T05:00:00+00:00,28030.0,27891.0,28038.0,H1_EMA100,0.0576
2023-04-09T02:00:00+00:00,2023-04-09T06:00:00+00:00,28105.0,27961.0,27961.0,SL,-1.0
2023-04-09T20:00:00+00:00,2023-04-17T01:00:00+00:00,28174.0,27895.0,29974.0,H1_EMA100,6.4516
2023-04-18T10:30:00+00:00,2023-04-18T11:00:00+00:00,29940.0,29706.0,29995.0,H1_EMA100,0.235
2023-04-24T01:30:00+00:00,2023-04-24T02:00:00+00:00,27824.0,27438.0,27724.0,H1_EMA100,-0.2591
2023-04-25T18:30:00+00:00,2023-04-25T19:00:00+00:00,27709.0,27319.0,27509.0,H1_EMA100,-0.5128
2023-04-28T21:30:00+00:00,2023-04-29T17:30:00+00:00,29361.0,29131.0,29131.0,SL,-1.0
2023-04-30T15:00:00+00:00,2023-04-30T19:00:00+00:00,29415.0,29274.0,29274.0,SL,-1.0
2023-05-02T16:30:00+00:00,2023-05-02T17:00:00+00:00,28548.0,28277.0,28508.0,H1_EMA100,-0.1476
2023-05-03T21:30:00+00:00,2023-05-06T14:00:00+00:00,28867.0,28297.0,28682.0,H1_EMA100,-0.3246
2023-05-10T13:00:00+00:00,2023-05-10T15:00:00+00:00,28196.0,27557.0,28115.0,H1_EMA100,-0.1268
2023-05-17T20:00:00+00:00,2023-05-18T14:30:00+00:00,27409.0,27091.0,27091.0,SL,-1.0
2023-05-22T15:30:00+00:00,2023-05-22T16:00:00+00:00,26850.0,26711.0,26868.0,H1_EMA100,0.1295
2023-05-30T02:00:00+00:00,2023-05-30T16:00:00+00:00,27780.0,27603.0,27603.0,SL,-1.0
2023-05-30T20:30:00+00:00,2023-05-31T02:00:00+00:00,27806.0,27634.0,27634.0,SL,-1.0
2023-06-02T06:00:00+00:00,2023-06-02T07:00:00+00:00,27163.0,26961.0,27115.0,H1_EMA100,-0.2376
2023-06-04T10:00:00+00:00,2023-06-04T23:30:00+00:00,27228.0,27128.0,27128.0,SL,-1.0
2023-06-06T18:00:00+00:00,2023-06-07T10:00:00+00:00,26671.0,25929.0,26595.0,H1_EMA100,-0.1024
2023-06-08T16:00:00+00:00,2023-06-08T16:30:00+00:00,26730.0,26594.0,26594.0,SL,-1.0
2023-06-11T18:00:00+00:00,2023-06-11T19:00:00+00:00,25964.0,25755.0,26052.0,H1_EMA100,0.4211
2023-06-12T09:30:00+00:00,2023-06-12T10:00:00+00:00,26029.0,25787.0,26046.0,H1_EMA100,0.0702
2023-06-13T00:00:00+00:00,2023-06-13T00:30:00+00:00,25906.0,25867.0,25867.0,SL,-1.0
2023-06-14T04:30:00+00:00,2023-06-14T05:00:00+00:00,25993.0,25963.0,25965.0,H1_EMA100,-0.9333
2023-06-14T12:30:00+00:00,2023-06-14T13:30:00+00:00,26005.0,25944.0,25944.0,SL,-1.0
2023-06-15T22:00:00+00:00,2023-06-15T23:00:00+00:00,25566.0,25210.0,25565.0,H1_EMA100,-0.0028
2023-06-19T17:30:00+00:00,2023-06-26T17:00:00+00:00,26597.0,26300.0,30128.0,H1_EMA100,11.8889
2023-06-27T08:30:00+00:00,2023-06-28T07:30:00+00:00,30411.0,30236.0,30236.0,SL,-1.0
2023-06-29T09:30:00+00:00,2023-06-29T20:00:00+00:00,30423.0,30350.0,30350.0,SL,-1.0
2023-07-01T13:00:00+00:00,2023-07-02T15:00:00+00:00,30580.0,30440.0,30440.0,SL,-1.0
2023-07-02T20:30:00+00:00,2023-07-04T20:00:00+00:00,30565.0,30370.0,30763.0,H1_EMA100,1.0154
2023-07-06T08:30:00+00:00,2023-07-06T13:00:00+00:00,30815.0,30448.0,30615.0,H1_EMA100,-0.545
2023-07-09T01:30:00+00:00,2023-07-09T02:00:00+00:00,30361.0,30260.0,30316.0,H1_EMA100,-0.4455
2023-07-10T15:00:00+00:00,2023-07-10T18:00:00+00:00,30311.0,30153.0,30350.0,H1_EMA100,0.2468
2023-07-19T04:30:00+00:00,2023-07-19T05:00:00+00:00,30149.0,29982.0,30099.0,H1_EMA100,-0.2994
2023-07-19T19:30:00+00:00,2023-07-19T20:00:00+00:00,30057.0,29870.0,29991.0,H1_EMA100,-0.3529
2023-07-21T19:00:00+00:00,2023-07-21T20:00:00+00:00,29983.0,29802.0,29889.0,H1_EMA100,-0.5193
2023-07-23T06:00:00+00:00,2023-07-23T07:00:00+00:00,29925.0,29834.0,29906.0,H1_EMA100,-0.2088
2023-07-26T14:00:00+00:00,2023-07-26T15:00:00+00:00,29308.0,29159.0,29288.0,H1_EMA100,-0.1342
2023-07-28T15:00:00+00:00,2023-07-28T17:00:00+00:00,29483.0,29243.0,29299.0,H1_EMA100,-0.7667
2023-07-29T20:00:00+00:00,2023-07-30T02:00:00+00:00,29338.0,29293.0,29311.0,H1_EMA100,-0.6
2023-07-30T15:30:00+00:00,2023-07-30T19:30:00+00:00,29426.0,29282.0,29282.0,SL,-1.0
2023-07-31T02:00:00+00:00,2023-07-31T15:00:00+00:00,29450.0,29149.0,29289.0,H1_EMA100,-0.5349
2023-08-01T21:30:00+00:00,2023-08-02T15:00:00+00:00,29252.0,28910.0,29286.0,H1_EMA100,0.0994
2023-08-03T17:30:00+00:00,2023-08-03T18:00:00+00:00,29281.0,29051.0,29170.0,H1_EMA100,-0.4826
2023-08-04T15:30:00+00:00,2023-08-04T18:00:00+00:00,29252.0,29145.0,29145.0,SL,-1.0
2023-08-06T09:00:00+00:00,2023-08-06T10:00:00+00:00,29080.0,29017.0,29026.0,H1_EMA100,-0.8571
2023-08-06T21:00:00+00:00,2023-08-06T21:30:00+00:00,29092.0,29036.0,29036.0,SL,-1.0
2023-08-07T11:00:00+00:00,2023-08-07T12:00:00+00:00,29088.0,29028.0,29028.0,SL,-1.0
2023-08-07T21:30:00+00:00,2023-08-10T17:00:00+00:00,29243.0,29088.0,29377.0,H1_EMA100,0.8645
2023-08-14T09:00:00+00:00,2023-08-14T09:30:00+00:00,29393.0,29354.0,29354.0,SL,-1.0
2023-08-21T22:00:00+00:00,2023-08-21T23:00:00+00:00,26192.0,26024.0,26120.0,H1_EMA100,-0.4286
2023-08-23T06:00:00+00:00,2023-08-23T07:00:00+00:00,26042.0,25984.0,26088.0,H1_EMA100,0.7931
2023-08-23T15:30:00+00:00,2023-08-23T16:00:00+00:00,26103.0,25916.0,26329.0,H1_EMA100,1.2086
2023-08-28T15:00:00+00:00,2023-08-28T19:00:00+00:00,26124.0,25928.0,25928.0,SL,-1.0
2023-08-28T23:30:00+00:00,2023-08-29T04:00:00+00:00,26115.0,25947.0,26070.0,H1_EMA100,-0.2679
2023-08-29T14:30:00+00:00,2023-08-31T17:00:00+00:00,26956.0,25996.0,26381.0,H1_EMA100,-0.599
2023-09-07T17:00:00+00:00,2023-09-08T10:00:00+00:00,25814.0,25725.0,25725.0,SL,-1.0
2023-09-12T06:00:00+00:00,2023-09-21T09:00:00+00:00,25768.0,25616.0,26833.0,H1_EMA100,7.0066
2023-09-26T03:00:00+00:00,2023-09-26T04:00:00+00:00,26357.0,26231.0,26335.0,H1_EMA100,-0.1746
2023-09-28T00:00:00+00:00,2023-10-03T15:00:00+00:00,26361.0,26284.0,27399.0,H1_EMA100,13.4805
2023-10-04T12:00:00+00:00,2023-10-04T13:00:00+00:00,27583.0,27527.0,27527.0,SL,-1.0
2023-10-04T18:00:00+00:00,2023-10-05T16:00:00+00:00,27542.0,27394.0,27394.0,SL,-1.0
2023-10-06T10:00:00+00:00,2023-10-06T12:30:00+00:00,27699.0,27601.0,27601.0,SL,-1.0
2023-10-06T15:00:00+00:00,2023-10-09T09:00:00+00:00,27682.0,27185.0,27762.0,H1_EMA100,0.161
2023-10-13T21:00:00+00:00,2023-10-13T22:00:00+00:00,26978.0,26739.0,26986.0,H1_EMA100,0.0335
2023-10-15T03:00:00+00:00,2023-10-15T04:00:00+00:00,26890.0,26821.0,26883.0,H1_EMA100,-0.1014
2023-10-19T11:00:00+00:00,2023-10-31T08:00:00+00:00,28494.0,28301.0,34308.0,H1_EMA100,30.1244
2023-10-31T19:30:00+00:00,2023-11-01T05:30:00+00:00,34513.0,34349.0,34349.0,SL,-1.0
2023-11-01T13:00:00+00:00,2023-11-01T14:30:00+00:00,34802.0,34358.0,34358.0,SL,-1.0
2023-11-01T18:30:00+00:00,2023-11-02T16:00:00+00:00,34613.0,34373.0,34459.0,H1_EMA100,-0.6417
2023-11-04T02:00:00+00:00,2023-11-04T05:00:00+00:00,34786.0,34660.0,34660.0,SL,-1.0
2023-11-05T23:30:00+00:00,2023-11-06T06:00:00+00:00,35137.0,34495.0,34848.0,H1_EMA100,-0.4502
2023-11-06T10:30:00+00:00,2023-11-06T18:00:00+00:00,35196.0,34858.0,34858.0,SL,-1.0
2023-11-07T19:30:00+00:00,2023-11-13T15:00:00+00:00,35392.0,34583.0,36769.0,H1_EMA100,1.7021
2023-11-18T00:00:00+00:00,2023-11-18T01:00:00+00:00,36626.0,36360.0,36451.0,H1_EMA100,-0.6579
2023-11-18T11:00:00+00:00,2023-11-18T12:00:00+00:00,36481.0,36407.0,36488.0,H1_EMA100,0.0946
2023-11-19T16:00:00+00:00,2023-11-21T15:00:00+00:00,36582.0,36438.0,36438.0,SL,-1.0
2023-11-22T19:30:00+00:00,2023-11-23T16:00:00+00:00,37172.0,36531.0,37163.0,H1_EMA100,-0.014
2023-11-28T14:00:00+00:00,2023-11-30T15:00:00+00:00,37418.0,37150.0,37642.0,H1_EMA100,0.8358
2023-12-01T03:00:00+00:00,2023-12-11T02:00:00+00:00,38011.0,37879.0,42257.0,H1_EMA100,32.1667
2023-12-13T16:00:00+00:00,2023-12-13T17:00:00+00:00,41918.0,41300.0,42054.0,H1_EMA100,0.2201
2023-12-16T16:00:00+00:00,2023-12-16T20:00:00+00:00,42568.0,42285.0,42336.0,H1_EMA100,-0.8198
2023-12-18T20:30:00+00:00,2023-12-19T18:00:00+00:00,41695.0,41330.0,42126.0,H1_EMA100,1.1808
2023-12-20T05:00:00+00:00,2023-12-24T21:00:00+00:00,42815.0,42207.0,43518.0,H1_EMA100,1.1562
2023-12-25T15:30:00+00:00,2023-12-25T16:00:00+00:00,43721.0,43621.0,43621.0,SL,-1.0
2023-12-27T11:00:00+00:00,2023-12-27T12:00:00+00:00,43200.0,42652.0,43005.0,H1_EMA100,-0.3558
2023-12-29T14:00:00+00:00,2023-12-29T15:00:00+00:00,42870.0,42706.0,42706.0,SL,-1.0
2023-12-30T17:30:00+00:00,2023-12-30T18:00:00+00:00,42553.0,42185.0,42396.0,H1_EMA100,-0.4266
2024-01-01T09:00:00+00:00,2024-01-03T12:00:00+00:00,42543.0,42452.0,42452.0,SL,-1.0
2024-01-04T16:00:00+00:00,2024-01-05T01:30:00+00:00,44090.0,43295.0,43295.0,SL,-1.0
2024-01-05T22:30:00+00:00,2024-01-06T06:30:00+00:00,43925.0,43541.0,43541.0,SL,-1.0
2024-01-06T16:30:00+00:00,2024-01-06T20:00:00+00:00,43879.0,43818.0,43818.0,SL,-1.0
2024-01-08T12:00:00+00:00,2024-01-10T13:00:00+00:00,44653.0,43676.0,45305.0,H1_EMA100,0.6673
2024-01-10T22:30:00+00:00,2024-01-12T09:00:00+00:00,46439.0,45152.0,45632.0,H1_EMA100,-0.627
2024-01-15T19:00:00+00:00,2024-01-15T20:00:00+00:00,42948.0,42136.0,43005.0,H1_EMA100,0.0702
2024-01-18T08:30:00+00:00,2024-01-18T09:00:00+00:00,42795.0,42717.0,42698.0,SL,-1.2436
2024-01-29T04:00:00+00:00,2024-01-29T04:30:00+00:00,42324.0,42201.0,42201.0,SL,-1.0
2024-01-29T09:30:00+00:00,2024-01-29T13:30:00+00:00,42160.0,41956.0,41956.0,SL,-1.0
2024-01-29T16:00:00+00:00,2024-01-31T11:00:00+00:00,42631.0,41804.0,42472.0,H1_EMA100,-0.1923
2024-01-31T18:00:00+00:00,2024-01-31T20:30:00+00:00,43724.0,42546.0,42546.0,SL,-1.0
2024-02-01T18:30:00+00:00,2024-02-02T14:00:00+00:00,42913.0,42359.0,42677.0,H1_EMA100,-0.426
2024-02-05T10:00:00+00:00,2024-02-05T15:30:00+00:00,43007.0,42671.0,42671.0,SL,-1.0
2024-02-06T09:00:00+00:00,2024-02-06T11:00:00+00:00,43020.0,42620.0,42749.0,H1_EMA100,-0.6775
2024-02-07T10:00:00+00:00,2024-02-07T10:30:00+00:00,43114.0,42876.0,42876.0,SL,-1.0
2024-02-07T13:00:00+00:00,2024-02-17T14:00:00+00:00,43046.0,42846.0,51210.0,H1_EMA100,40.82
2024-02-18T09:30:00+00:00,2024-02-18T12:30:00+00:00,51871.0,51650.0,51650.0,SL,-1.0
2024-02-20T12:00:00+00:00,2024-02-20T15:00:00+00:00,52299.0,51560.0,51560.0,SL,-1.0
2024-02-20T23:00:00+00:00,2024-02-21T03:30:00+00:00,52201.0,52019.0,52019.0,SL,-1.0
2024-02-22T19:00:00+00:00,2024-02-22T19:30:00+00:00,51699.0,51502.0,51502.0,SL,-1.0
2024-02-26T16:00:00+00:00,2024-03-05T19:00:00+00:00,52916.0,51215.0,63248.0,H1_EMA100,6.0741
2024-03-06T09:00:00+00:00,2024-03-06T12:30:00+00:00,66941.0,65531.0,65531.0,SL,-1.0
2024-03-11T08:00:00+00:00,2024-03-14T16:00:00+00:00,71025.0,68495.0,70261.0,H1_EMA100,-0.302
2024-03-17T16:30:00+00:00,2024-03-17T17:00:00+00:00,68077.0,67174.0,68316.0,H1_EMA100,0.2647
2024-03-22T07:30:00+00:00,2024-03-22T09:00:00+00:00,66275.0,65766.0,65929.0,H1_EMA100,-0.6798
2024-03-23T12:30:00+00:00,2024-03-23T13:00:00+00:00,64711.0,64217.0,64542.0,H1_EMA100,-0.3421
2024-03-24T10:00:00+00:00,2024-03-27T19:00:00+00:00,64905.0,64059.0,68721.0,H1_EMA100,4.5106
2024-03-28T07:30:00+00:00,2024-03-29T15:30:00+00:00,70312.0,69595.0,69595.0,SL,-1.0
2024-03-30T10:30:00+00:00,2024-03-30T19:00:00+00:00,70074.0,69857.0,69857.0,SL,-1.0
2024-03-31T05:30:00+00:00,2024-04-01T05:30:00+00:00,70252.0,69798.0,69798.0,SL,-1.0
2024-04-05T15:30:00+00:00,2024-04-09T15:00:00+00:00,67781.0,65999.0,68878.0,H1_EMA100,0.6156
2024-04-10T21:00:00+00:00,2024-04-11T15:00:00+00:00,69804.0,69075.0,69671.0,H1_EMA100,-0.1824
2024-04-15T01:00:00+00:00,2024-04-15T02:00:00+00:00,65556.0,63377.0,65275.0,H1_EMA100,-0.129
2024-04-17T00:30:00+00:00,2024-04-17T01:00:00+00:00,63772.0,62565.0,63967.0,H1_EMA100,0.1616
2024-04-18T14:00:00+00:00,2024-04-18T18:00:00+00:00,62849.0,61639.0,62946.0,H1_EMA100,0.0802
2024-04-19T07:30:00+00:00,2024-04-20T01:00:00+00:00,64460.0,61885.0,63555.0,H1_EMA100,-0.3515
2024-04-20T15:30:00+00:00,2024-04-24T15:00:00+00:00,63974.0,63770.0,64789.0,H1_EMA100,3.9951
2024-04-28T01:30:00+00:00,2024-04-28T02:00:00+00:00,63551.0,63192.0,63589.0,H1_EMA100,0.1058
2024-05-07T09:30:00+00:00,2024-05-07T11:30:00+00:00,64297.0,63610.0,63610.0,SL,-1.0
2024-05-07T15:30:00+00:00,2024-05-07T18:30:00+00:00,63892.0,63090.0,63090.0,SL,-1.0
2024-05-09T19:00:00+00:00,2024-05-10T14:30:00+00:00,62236.0,61874.0,61874.0,SL,-1.0
2024-05-13T07:30:00+00:00,2024-05-14T09:00:00+00:00,61674.0,60794.0,61858.0,H1_EMA100,0.2091
2024-05-15T08:30:00+00:00,2024-05-19T20:00:00+00:00,62109.0,61819.0,66271.0,H1_EMA100,14.3517
2024-05-20T09:00:00+00:00,2024-05-23T14:00:00+00:00,66781.0,66304.0,67858.0,H1_EMA100,2.2579
2024-05-24T18:30:00+00:00,2024-05-26T17:00:00+00:00,69044.0,67906.0,68801.0,H1_EMA100,-0.2135
2024-05-27T15:30:00+00:00,2024-05-28T02:00:00+00:00,69706.0,68225.0,68708.0,H1_EMA100,-0.6739
2024-05-29T03:30:00+00:00,2024-05-29T06:00:00+00:00,68693.0,68242.0,68552.0,H1_EMA100,-0.3126
2024-05-30T13:00:00+00:00,2024-05-30T23:00:00+00:00,68120.0,67705.0,68431.0,H1_EMA100,0.7494
2024-05-31T13:00:00+00:00,2024-05-31T13:30:00+00:00,68612.0,68241.0,68241.0,SL,-1.0
2024-06-02T12:30:00+00:00,2024-06-02T13:00:00+00:00,68056.0,67346.0,68027.0,H1_EMA100,-0.0408
2024-06-07T05:30:00+00:00,2024-06-07T12:30:00+00:00,71308.0,70667.0,70667.0,SL,-1.0
2024-06-10T16:00:00+00:00,2024-06-10T20:00:00+00:00,70058.0,69206.0,69581.0,H1_EMA100,-0.5599
2024-06-17T20:00:00+00:00,2024-06-17T21:00:00+00:00,66660.0,65150.0,66564.0,H1_EMA100,-0.0636
2024-06-19T07:00:00+00:00,2024-06-19T07:30:00+00:00,65581.0,65385.0,65222.0,SL,-1.8316
2024-06-19T11:30:00+00:00,2024-06-19T12:00:00+00:00,65432.0,65106.0,65106.0,SL,-1.0
2024-06-20T05:30:00+00:00,2024-06-20T06:00:00+00:00,65342.0,65079.0,65515.0,H1_EMA100,0.6578
2024-06-25T15:00:00+00:00,2024-06-25T16:00:00+00:00,61774.0,60974.0,61578.0,H1_EMA100,-0.245
2024-06-27T14:00:00+00:00,2024-06-27T15:00:00+00:00,61943.0,61086.0,61587.0,H1_EMA100,-0.4154
2024-06-29T14:00:00+00:00,2024-06-29T14:30:00+00:00,61001.0,60905.0,60905.0,SL,-1.0
2024-07-08T12:00:00+00:00,2024-07-08T13:00:00+00:00,57132.0,55532.0,57168.0,H1_EMA100,0.0225
2024-07-09T00:00:00+00:00,2024-07-09T01:00:00+00:00,56697.0,56198.0,56773.0,H1_EMA100,0.1523
2024-07-11T08:00:00+00:00,2024-07-11T14:00:00+00:00,58201.0,57878.0,57878.0,SL,-1.0
2024-07-12T15:30:00+00:00,2024-07-12T19:30:00+00:00,58176.0,57760.0,57760.0,SL,-1.0
2024-07-18T08:30:00+00:00,2024-07-18T10:00:00+00:00,64794.0,64640.0,64640.0,SL,-1.0
2024-07-19T14:00:00+00:00,2024-07-23T06:00:00+00:00,65163.0,64067.0,66708.0,H1_EMA100,1.4097
2024-07-25T22:30:00+00:00,2024-07-25T23:00:00+00:00,65840.0,64414.0,65705.0,H1_EMA100,-0.0947
2024-07-28T19:30:00+00:00,2024-07-29T16:00:00+00:00,68248.0,67596.0,67596.0,SL,-1.0
2024-07-31T18:00:00+00:00,2024-07-31T18:30:00+00:00,66654.0,66279.0,66174.0,SL,-1.28
2024-08-08T04:00:00+00:00,2024-08-08T05:00:00+00:00,57084.0,54748.0,56984.0,H1_EMA100,-0.0428
2024-08-13T01:30:00+00:00,2024-08-13T03:00:00+00:00,59565.0,58868.0,59264.0,H1_EMA100,-0.4319
2024-08-13T16:30:00+00:00,2024-08-14T14:00:00+00:00,59940.0,59381.0,59381.0,SL,-1.0
2024-08-15T17:00:00+00:00,2024-08-15T17:30:00+00:00,59549.0,59290.0,59290.0,SL,-1.0
2024-08-16T18:00:00+00:00,2024-08-17T00:00:00+00:00,59228.0,57667.0,58942.0,H1_EMA100,-0.1832
2024-08-19T22:30:00+00:00,2024-08-20T15:00:00+00:00,59104.0,58891.0,58891.0,SL,-1.0
2024-08-21T17:00:00+00:00,2024-08-26T23:00:00+00:00,59898.0,59397.0,63112.0,H1_EMA100,6.4152
2024-09-02T12:00:00+00:00,2024-09-02T12:30:00+00:00,58434.0,58345.0,58345.0,SL,-1.0
2024-09-04T18:30:00+00:00,2024-09-04T19:00:00+00:00,57859.0,57376.0,57908.0,H1_EMA100,0.1014
2024-09-11T18:00:00+00:00,2024-09-16T01:00:00+00:00,57706.0,55554.0,58718.0,H1_EMA100,0.4703
2024-09-17T09:30:00+00:00,2024-09-25T18:00:00+00:00,58724.0,58638.0,63193.0,H1_EMA100,51.9651
2024-09-26T09:00:00+00:00,2024-09-30T02:00:00+00:00,63722.0,63335.0,64513.0,H1_EMA100,2.0439
2024-10-05T23:00:00+00:00,2024-10-06T01:00:00+00:00,62019.0,61845.0,62104.0,H1_EMA100,0.4885
2024-10-06T09:30:00+00:00,2024-10-07T23:00:00+00:00,62049.0,61926.0,62552.0,H1_EMA100,4.0894
2024-10-11T10:00:00+00:00,2024-10-11T11:00:00+00:00,61033.0,60613.0,61062.0,H1_EMA100,0.069
2024-10-14T03:30:00+00:00,2024-10-21T14:00:00+00:00,63303.0,62460.0,67393.0,H1_EMA100,4.8517
2024-10-24T02:30:00+00:00,2024-10-24T04:00:00+00:00,67319.0,66455.0,67267.0,H1_EMA100,-0.0602
2024-11-05T08:00:00+00:00,2024-11-05T10:00:00+00:00,68861.0,68546.0,68775.0,H1_EMA100,-0.273
2024-11-09T22:00:00+00:00,2024-11-17T22:00:00+00:00,76477.0,76253.0,89515.0,H1_EMA100,58.2054
2024-11-18T06:30:00+00:00,2024-11-18T11:30:00+00:00,90940.0,90580.0,90580.0,SL,-1.0
2024-11-25T05:00:00+00:00,2024-11-25T13:00:00+00:00,97951.0,97415.0,97415.0,SL,-1.0
2024-11-28T23:00:00+00:00,2024-12-01T02:00:00+00:00,95675.0,94725.0,96184.0,H1_EMA100,0.5358
2024-12-01T10:00:00+00:00,2024-12-02T04:00:00+00:00,97075.0,96354.0,96354.0,SL,-1.0
2024-12-03T23:00:00+00:00,2024-12-04T00:00:00+00:00,96166.0,95751.0,96020.0,H1_EMA100,-0.3518
2024-12-04T20:00:00+00:00,2024-12-05T22:00:00+00:00,97381.0,94661.0,94661.0,SL,-1.0
2024-12-06T18:00:00+00:00,2024-12-08T09:00:00+00:00,101004.0,98960.0,98960.0,SL,-1.0
2024-12-08T14:00:00+00:00,2024-12-09T03:00:00+00:00,100463.0,98752.0,99300.0,H1_EMA100,-0.6797
2024-12-11T06:30:00+00:00,2024-12-11T07:00:00+00:00,97719.0,97357.0,97608.0,H1_EMA100,-0.3066
2024-12-13T15:00:00+00:00,2024-12-13T15:30:00+00:00,101050.0,99951.0,99951.0,SL,-1.0
2024-12-15T01:30:00+00:00,2024-12-18T05:00:00+00:00,101598.0,101243.0,104019.0,H1_EMA100,6.8197
2024-12-24T14:30:00+00:00,2024-12-26T09:00:00+00:00,96756.0,93933.0,95561.0,H1_EMA100,-0.4233
2024-12-31T10:30:00+00:00,2024-12-31T11:00:00+00:00,93858.0,92667.0,93920.0,H1_EMA100,0.0521
2025-01-01T16:00:00+00:00,2025-01-01T17:00:00+00:00,94213.0,93718.0,93718.0,SL,-1.0
2025-01-05T21:00:00+00:00,2025-01-07T15:30:00+00:00,98255.0,97588.0,97588.0,SL,-1.0
2025-01-10T08:00:00+00:00,2025-01-10T09:00:00+00:00,94511.0,93764.0,94919.0,H1_EMA100,0.5462
2025-01-11T21:00:00+00:00,2025-01-11T22:00:00+00:00,94564.0,94040.0,94688.0,H1_EMA100,0.2366
2025-01-12T15:00:00+00:00,2025-01-12T20:00:00+00:00,94772.0,94274.0,94737.0,H1_EMA100,-0.0703
2025-01-13T00:30:00+00:00,2025-01-13T02:00:00+00:00,95193.0,93775.0,94304.0,H1_EMA100,-0.6269
2025-01-14T00:00:00+00:00,2025-01-20T00:00:00+00:00,94537.0,94172.0,100973.0,H1_EMA100,17.6329
2025-01-20T08:00:00+00:00,2025-01-20T17:00:00+00:00,106954.0,102133.0,102133.0,SL,-1.0
2025-01-21T14:30:00+00:00,2025-01-21T15:00:00+00:00,105146.0,104270.0,103173.0,SL,-2.2523
2025-01-21T16:00:00+00:00,2025-01-22T17:00:00+00:00,103832.0,102726.0,104244.0,H1_EMA100,0.3725
2025-01-23T17:00:00+00:00,2025-01-23T20:30:00+00:00,105166.0,102680.0,102680.0,SL,-1.0
2025-01-25T19:30:00+00:00,2025-01-26T09:30:00+00:00,104968.0,104470.0,104470.0,SL,-1.0
2025-01-26T13:30:00+00:00,2025-01-26T21:30:00+00:00,104916.0,104698.0,104698.0,SL,-1.0
2025-01-28T03:00:00+00:00,2025-01-28T04:00:00+00:00,102398.0,101335.0,103008.0,H1_EMA100,0.5738
2025-01-29T07:00:00+00:00,2025-01-29T10:00:00+00:00,102783.0,101937.0,102500.0,H1_EMA100,-0.3345
2025-01-31T15:30:00+00:00,2025-01-31T18:00:00+00:00,105213.0,104119.0,104119.0,SL,-1.0
2025-02-03T18:00:00+00:00,2025-02-04T06:00:00+00:00,99362.0,98161.0,99093.0,H1_EMA100,-0.224
2025-02-06T09:00:00+00:00,2025-02-06T10:00:00+00:00,98162.0,97538.0,98924.0,H1_EMA100,1.2212
2025-02-07T12:30:00+00:00,2025-02-07T13:00:00+00:00,97712.0,97282.0,97708.0,H1_EMA100,-0.0093
2025-02-09T02:00:00+00:00,2025-02-09T03:00:00+00:00,96999.0,96400.0,96894.0,H1_EMA100,-0.1753
2025-02-10T06:00:00+00:00,2025-02-11T14:00:00+00:00,97074.0,95307.0,96994.0,H1_EMA100,-0.0453
2025-02-12T19:00:00+00:00,2025-02-13T06:00:00+00:00,96903.0,95106.0,96531.0,H1_EMA100,-0.207
2025-02-14T01:30:00+00:00,2025-02-14T02:00:00+00:00,96720.0,96287.0,96683.0,H1_EMA100,-0.0855
2025-02-19T08:30:00+00:00,2025-02-19T09:00:00+00:00,95802.0,95033.0,95763.0,H1_EMA100,-0.0507
2025-02-28T19:00:00+00:00,2025-02-28T20:00:00+00:00,84460.0,83180.0,83876.0,H1_EMA100,-0.4562
2025-03-04T21:30:00+00:00,2025-03-05T00:30:00+00:00,88756.0,86583.0,86583.0,SL,-1.0
2025-03-07T15:00:00+00:00,2025-03-07T15:30:00+00:00,90447.0,88697.0,88697.0,SL,-1.0
2025-03-11T11:00:00+00:00,2025-03-11T12:00:00+00:00,81789.0,80247.0,81726.0,H1_EMA100,-0.0409
2025-03-14T09:00:00+00:00,2025-03-16T12:00:00+00:00,82615.0,81777.0,82862.0,H1_EMA100,0.2947
2025-03-17T18:00:00+00:00,2025-03-18T01:30:00+00:00,84191.0,83116.0,83116.0,SL,-1.0
2025-03-19T05:30:00+00:00,2025-03-20T17:00:00+00:00,83026.0,82747.0,83779.0,H1_EMA100,2.6989
2025-03-22T07:00:00+00:00,2025-03-22T08:30:00+00:00,84306.0,84143.0,84143.0,SL,-1.0
2025-03-23T07:30:00+00:00,2025-03-26T17:00:00+00:00,84260.0,84075.0,86651.0,H1_EMA100,12.9243
2025-03-27T04:30:00+00:00,2025-03-27T05:00:00+00:00,87608.0,87459.0,87459.0,SL,-1.0
2025-03-27T22:30:00+00:00,2025-03-28T00:30:00+00:00,87386.0,86927.0,86927.0,SL,-1.0
2025-03-28T01:00:00+00:00,2025-03-28T03:00:00+00:00,87348.0,86926.0,86926.0,SL,-1.0
2025-03-31T15:30:00+00:00,2025-03-31T16:00:00+00:00,83656.0,81646.0,83619.0,H1_EMA100,-0.0184
2025-04-04T08:00:00+00:00,2025-04-04T10:00:00+00:00,83988.0,83006.0,83006.0,SL,-1.0
2025-04-04T18:00:00+00:00,2025-04-05T04:00:00+00:00,84468.0,82596.0,83805.0,H1_EMA100,-0.3542
2025-04-06T05:00:00+00:00,2025-04-06T06:00:00+00:00,83472.0,83162.0,83385.0,H1_EMA100,-0.2806
2025-04-07T23:00:00+00:00,2025-04-08T00:00:00+00:00,79930.0,77979.0,79322.0,H1_EMA100,-0.3116
2025-04-09T17:30:00+00:00,2025-04-10T16:00:00+00:00,80880.0,76968.0,78827.0,H1_EMA100,-0.5248
2025-04-11T06:30:00+00:00,2025-04-15T20:00:00+00:00,80946.0,80589.0,84031.0,H1_EMA100,8.6415
2025-04-16T16:30:00+00:00,2025-04-16T17:30:00+00:00,84856.0,83524.0,83524.0,SL,-1.0
2025-04-17T06:30:00+00:00,2025-04-17T14:30:00+00:00,84619.0,83902.0,83902.0,SL,-1.0
2025-04-19T04:00:00+00:00,2025-04-20T09:00:00+00:00,84902.0,84487.0,84588.0,H1_EMA100,-0.7566
2025-04-21T00:00:00+00:00,2025-04-28T01:00:00+00:00,85197.0,84682.0,93090.0,H1_EMA100,15.3262
2025-04-28T07:30:00+00:00,2025-04-28T13:30:00+00:00,94702.0,93995.0,93995.0,SL,-1.0
2025-04-28T19:30:00+00:00,2025-04-29T23:00:00+00:00,94719.0,93826.0,93826.0,SL,-1.0
2025-04-30T06:00:00+00:00,2025-04-30T12:30:00+00:00,94919.0,94479.0,94479.0,SL,-1.0
2025-05-01T03:30:00+00:00,2025-05-04T00:00:00+00:00,94829.0,94503.0,95964.0,H1_EMA100,3.4816
2025-05-06T19:00:00+00:00,2025-05-06T21:00:00+00:00,95073.0,94496.0,94496.0,SL,-1.0
2025-05-13T12:30:00+00:00,2025-05-15T02:00:00+00:00,103579.0,102557.0,103033.0,H1_EMA100,-0.5342
2025-05-15T18:30:00+00:00,2025-05-15T19:00:00+00:00,103469.0,103046.0,102666.0,SL,-1.8983
2025-05-15T20:00:00+00:00,2025-05-17T02:00:00+00:00,103198.0,102612.0,103187.0,H1_EMA100,-0.0188
2025-05-18T05:30:00+00:00,2025-05-19T04:00:00+00:00,103465.0,103167.0,103167.0,SL,-1.0
2025-05-19T17:00:00+00:00,2025-05-23T13:00:00+00:00,105379.0,102182.0,108729.0,H1_EMA100,1.0479
2025-05-24T20:00:00+00:00,2025-05-24T21:00:00+00:00,109005.0,108812.0,108812.0,SL,-1.0
2025-05-26T00:00:00+00:00,2025-05-27T02:00:00+00:00,109114.0,107227.0,108611.0,H1_EMA100,-0.2666
2025-05-27T09:00:00+00:00,2025-05-27T14:30:00+00:00,109733.0,108858.0,108858.0,SL,-1.0
2025-05-29T11:00:00+00:00,2025-05-29T12:30:00+00:00,108788.0,108455.0,108455.0,SL,-1.0
2025-06-01T16:00:00+00:00,2025-06-01T17:00:00+00:00,104758.0,104575.0,105141.0,H1_EMA100,2.0929
2025-06-02T22:30:00+00:00,2025-06-03T05:00:00+00:00,105807.0,104646.0,105342.0,H1_EMA100,-0.4005
2025-06-04T10:30:00+00:00,2025-06-04T11:30:00+00:00,105808.0,105390.0,105390.0,SL,-1.0
2025-06-06T12:30:00+00:00,2025-06-06T13:00:00+00:00,103946.0,103623.0,103994.0,H1_EMA100,0.1486
2025-06-09T09:30:00+00:00,2025-06-12T04:00:00+00:00,106214.0,105531.0,107656.0,H1_EMA100,2.1113
2025-06-15T01:00:00+00:00,2025-06-15T02:00:00+00:00,105704.0,105323.0,105644.0,H1_EMA100,-0.1575
2025-06-15T14:00:00+00:00,2025-06-15T15:00:00+00:00,105564.0,104938.0,105778.0,H1_EMA100,0.3419
2025-06-16T01:00:00+00:00,2025-06-16T02:00:00+00:00,105457.0,104532.0,105807.0,H1_EMA100,0.3784
2025-06-23T07:30:00+00:00,2025-06-23T08:00:00+00:00,101912.0,101195.0,101988.0,H1_EMA100,0.106
2025-06-28T04:00:00+00:00,2025-06-30T14:30:00+00:00,107365.0,107149.0,107149.0,SL,-1.0
2025-07-02T08:30:00+00:00,2025-07-04T14:00:00+00:00,107666.0,106888.0,108086.0,H1_EMA100,0.5398
2025-07-06T14:00:00+00:00,2025-07-07T13:00:00+00:00,108861.0,107858.0,108416.0,H1_EMA100,-0.4437
2025-07-08T11:00:00+00:00,2025-07-08T15:00:00+00:00,108841.0,108247.0,108283.0,H1_EMA100,-0.9394
2025-07-13T02:00:00+00:00,2025-07-15T03:00:00+00:00,117554.0,117256.0,117256.0,SL,-1.0
2025-07-16T07:30:00+00:00,2025-07-17T01:30:00+00:00,118253.0,117774.0,117774.0,SL,-1.0
2025-07-17T18:00:00+00:00,2025-07-18T14:00:00+00:00,119332.0,118440.0,118440.0,SL,-1.0
2025-07-20T14:30:00+00:00,2025-07-20T18:00:00+00:00,118687.0,117788.0,118259.0,H1_EMA100,-0.4761
2025-07-21T06:00:00+00:00,2025-07-21T11:30:00+00:00,118479.0,118225.0,118225.0,SL,-1.0
2025-07-22T10:30:00+00:00,2025-07-22T14:00:00+00:00,118595.0,117927.0,117927.0,SL,-1.0
2025-07-24T01:30:00+00:00,2025-07-24T04:00:00+00:00,119029.0,118479.0,118479.0,SL,-1.0
2025-07-24T13:00:00+00:00,2025-07-24T14:00:00+00:00,118574.0,118043.0,118043.0,SL,-1.0
2025-07-24T15:00:00+00:00,2025-07-24T23:00:00+00:00,119134.0,117916.0,118288.0,H1_EMA100,-0.6946
2025-07-26T00:00:00+00:00,2025-07-26T01:00:00+00:00,117652.0,117044.0,117438.0,H1_EMA100,-0.352
2025-07-29T07:30:00+00:00,2025-07-29T10:30:00+00:00,118819.0,118426.0,118426.0,SL,-1.0
2025-07-30T09:30:00+00:00,2025-07-30T10:30:00+00:00,118142.0,117987.0,117987.0,SL,-1.0
2025-07-31T03:00:00+00:00,2025-07-31T13:30:00+00:00,118426.0,117972.0,117972.0,SL,-1.0
2025-08-05T12:00:00+00:00,2025-08-05T12:30:00+00:00,114822.0,114196.0,114196.0,SL,-1.0
2025-08-09T05:30:00+00:00,2025-08-14T13:00:00+00:00,116978.0,116411.0,118302.0,H1_EMA100,2.3351
2025-08-17T06:00:00+00:00,2025-08-17T07:00:00+00:00,118088.0,117585.0,118043.0,H1_EMA100,-0.0895
2025-08-20T22:00:00+00:00,2025-08-20T23:00:00+00:00,114349.0,113995.0,114233.0,H1_EMA100,-0.3277
2025-08-22T15:00:00+00:00,2025-08-23T15:00:00+00:00,115810.0,111919.0,114861.0,H1_EMA100,-0.2439
2025-08-24T02:30:00+00:00,2025-08-24T03:00:00+00:00,115475.0,115161.0,114955.0,SL,-1.6561
2025-08-26T22:00:00+00:00,2025-08-26T23:00:00+00:00,111612.0,111139.0,111960.0,H1_EMA100,0.7357
2025-08-31T01:30:00+00:00,2025-08-31T02:00:00+00:00,109346.0,108525.0,109345.0,H1_EMA100,-0.0012
2025-08-31T19:00:00+00:00,2025-08-31T20:00:00+00:00,109160.0,108573.0,109076.0,H1_EMA100,-0.1431
2025-09-01T09:30:00+00:00,2025-09-01T11:00:00+00:00,109756.0,107270.0,108685.0,H1_EMA100,-0.4308
2025-09-02T00:00:00+00:00,2025-09-02T01:00:00+00:00,109255.0,107483.0,109200.0,H1_EMA100,-0.031
2025-09-05T03:00:00+00:00,2025-09-05T15:00:00+00:00,111344.0,110464.0,110464.0,SL,-1.0
2025-09-05T20:00:00+00:00,2025-09-05T22:00:00+00:00,111626.0,110226.0,110699.0,H1_EMA100,-0.6621
2025-09-07T08:30:00+00:00,2025-09-08T01:00:00+00:00,111244.0,110491.0,110802.0,H1_EMA100,-0.587
2025-09-10T08:30:00+00:00,2025-09-15T09:00:00+00:00,112662.0,111373.0,115122.0,H1_EMA100,1.9085
2025-09-16T06:00:00+00:00,2025-09-16T13:30:00+00:00,115960.0,114981.0,114981.0,SL,-1.0
2025-09-16T16:00:00+00:00,2025-09-17T15:00:00+00:00,115935.0,115041.0,115669.0,H1_EMA100,-0.2975
2025-09-18T02:00:00+00:00,2025-09-19T12:00:00+00:00,116702.0,116144.0,116292.0,H1_EMA100,-0.7348
2025-09-24T11:00:00+00:00,2025-09-24T12:00:00+00:00,112974.0,112697.0,113047.0,H1_EMA100,0.2635
2025-09-30T19:30:00+00:00,2025-10-07T15:00:00+00:00,113959.0,113179.0,122164.0,H1_EMA100,10.5192
2025-10-08T17:30:00+00:00,2025-10-09T02:00:00+00:00,123854.0,122001.0,122001.0,SL,-1.0
2025-10-19T11:00:00+00:00,2025-10-19T12:00:00+00:00,107907.0,106137.0,107537.0,H1_EMA100,-0.209
2025-10-21T15:30:00+00:00,2025-10-21T23:00:00+00:00,113043.0,108208.0,109189.0,H1_EMA100,-0.7971
2025-10-23T06:30:00+00:00,2025-10-28T21:00:00+00:00,109922.0,108347.0,112745.0,H1_EMA100,1.7924
2025-11-07T20:00:00+00:00,2025-11-08T00:00:00+00:00,103340.0,102229.0,103014.0,H1_EMA100,-0.2934
2025-11-12T11:30:00+00:00,2025-11-12T14:30:00+00:00,104810.0,104432.0,104432.0,SL,-1.0
2025-11-13T09:00:00+00:00,2025-11-13T10:00:00+00:00,103653.0,101765.0,103051.0,H1_EMA100,-0.3189
2025-11-16T10:30:00+00:00,2025-11-16T11:00:00+00:00,96411.0,95862.0,95862.0,SL,-1.0
2025-11-17T08:30:00+00:00,2025-11-17T09:00:00+00:00,95791.0,94835.0,95651.0,H1_EMA100,-0.1464
2025-11-18T18:30:00+00:00,2025-11-18T19:00:00+00:00,93178.0,90929.0,93387.0,H1_EMA100,0.0929
2025-11-20T03:00:00+00:00,2025-11-20T04:00:00+00:00,92508.0,90243.0,92218.0,H1_EMA100,-0.128
2025-11-24T17:30:00+00:00,2025-11-25T09:00:00+00:00,87680.0,86909.0,86909.0,SL,-1.0
2025-11-26T02:00:00+00:00,2025-11-26T03:30:00+00:00,87885.0,87299.0,87299.0,SL,-1.0
2025-11-26T17:30:00+00:00,2025-12-01T00:00:00+00:00,88641.0,86665.0,88383.0,H1_EMA100,-0.1306
2025-12-07T18:00:00+00:00,2025-12-07T22:00:00+00:00,90970.0,89124.0,89124.0,SL,-1.0
2025-12-09T16:00:00+00:00,2025-12-11T01:00:00+00:00,92707.0,90017.0,91127.0,H1_EMA100,-0.5874
2025-12-11T22:00:00+00:00,2025-12-12T15:30:00+00:00,92889.0,90782.0,90782.0,SL,-1.0
2025-12-15T08:30:00+00:00,2025-12-15T09:00:00+00:00,89867.0,89524.0,89894.0,H1_EMA100,0.0787
2025-12-17T15:00:00+00:00,2025-12-17T16:00:00+00:00,89633.0,86791.0,86791.0,SL,-1.0
2025-12-18T10:00:00+00:00,2025-12-18T11:00:00+00:00,87248.0,86650.0,87149.0,H1_EMA100,-0.1656
2025-12-19T07:30:00+00:00,2025-12-19T17:30:00+00:00,87869.0,86857.0,86857.0,SL,-1.0
2025-12-24T22:00:00+00:00,2025-12-25T00:00:00+00:00,87634.0,87458.0,87563.0,H1_EMA100,-0.4034
2025-12-28T00:00:00+00:00,2025-12-28T04:00:00+00:00,87802.0,87450.0,87722.0,H1_EMA100,-0.2273
2025-12-29T00:30:00+00:00,2025-12-29T11:00:00+00:00,87927.0,87378.0,87644.0,H1_EMA100,-0.5155
2025-12-30T12:30:00+00:00,2025-12-31T16:00:00+00:00,87880.0,87646.0,87646.0,SL,-1.0
2026-01-01T17:30:00+00:00,2026-01-06T18:00:00+00:00,88135.0,87767.0,91967.0,H1_EMA100,10.413
2026-01-09T17:00:00+00:00,2026-01-09T19:00:00+00:00,91532.0,89757.0,90214.0,H1_EMA100,-0.7425
2026-01-12T16:30:00+00:00,2026-01-16T16:00:00+00:00,92139.0,90016.0,94840.0,H1_EMA100,1.2723
2026-01-17T16:30:00+00:00,2026-01-17T22:00:00+00:00,95435.0,95181.0,95181.0,SL,-1.0
2026-01-18T19:30:00+00:00,2026-01-18T23:00:00+00:00,95429.0,95044.0,95044.0,SL,-1.0
2026-01-23T04:00:00+00:00,2026-01-23T05:00:00+00:00,89821.0,89531.0,89531.0,SL,-1.0
2026-01-23T17:30:00+00:00,2026-01-23T20:00:00+00:00,90884.0,89374.0,89704.0,H1_EMA100,-0.7815
2026-01-26T19:00:00+00:00,2026-01-26T20:00:00+00:00,88336.0,86942.0,87781.0,H1_EMA100,-0.3981
2026-01-27T20:30:00+00:00,2026-01-29T02:00:00+00:00,89030.0,87933.0,88479.0,H1_EMA100,-0.5023
2026-02-06T16:30:00+00:00,2026-02-06T17:00:00+00:00,69481.0,67747.0,70891.0,H1_EMA100,0.8131
2026-02-09T21:00:00+00:00,2026-02-09T21:30:00+00:00,70710.0,70066.0,70066.0,SL,-1.0
2026-02-12T12:00:00+00:00,2026-02-12T13:00:00+00:00,68037.0,66832.0,67730.0,H1_EMA100,-0.2548
2026-02-13T12:30:00+00:00,2026-02-13T13:00:00+00:00,67053.0,66730.0,67279.0,H1_EMA100,0.6997
2026-02-17T03:00:00+00:00,2026-02-17T04:00:00+00:00,68816.0,68323.0,68572.0,H1_EMA100,-0.4949
2026-02-18T10:00:00+00:00,2026-02-18T11:00:00+00:00,68130.0,67664.0,67664.0,SL,-1.0
2026-02-22T06:30:00+00:00,2026-02-22T13:30:00+00:00,68097.0,67855.0,67855.0,SL,-1.0
2026-02-27T07:00:00+00:00,2026-02-27T10:00:00+00:00,67663.0,67110.0,67110.0,SL,-1.0
2026-02-28T20:30:00+00:00,2026-03-01T13:00:00+00:00,66756.0,65633.0,66321.0,H1_EMA100,-0.3874
2026-03-02T04:30:00+00:00,2026-03-02T07:00:00+00:00,66941.0,65905.0,65905.0,SL,-1.0
2026-03-02T15:30:00+00:00,2026-03-03T09:00:00+00:00,68595.0,65259.0,66620.0,H1_EMA100,-0.592
2026-03-03T18:30:00+00:00,2026-03-06T13:00:00+00:00,68476.0,66147.0,70070.0,H1_EMA100,0.6844
2026-03-09T08:30:00+00:00,2026-03-09T09:00:00+00:00,67791.0,66919.0,67991.0,H1_EMA100,0.2294
2026-03-11T15:00:00+00:00,2026-03-12T03:00:00+00:00,70592.0,69162.0,69439.0,H1_EMA100,-0.8063
2026-03-12T12:00:00+00:00,2026-03-12T14:30:00+00:00,70442.0,69597.0,69597.0,SL,-1.0
2026-03-15T02:30:00+00:00,2026-03-18T12:00:00+00:00,71289.0,70878.0,72826.0,H1_EMA100,3.7397
2026-03-21T01:00:00+00:00,2026-03-21T02:00:00+00:00,70670.0,69741.0,70635.0,H1_EMA100,-0.0377
2026-03-23T12:00:00+00:00,2026-03-24T14:00:00+00:00,70121.0,67895.0,69971.0,H1_EMA100,-0.0674
2026-03-25T01:00:00+00:00,2026-03-25T03:00:00+00:00,70810.0,70451.0,70451.0,SL,-1.0
2026-03-30T03:30:00+00:00,2026-03-30T04:00:00+00:00,67179.0,66066.0,67397.0,H1_EMA100,0.1959
2026-03-31T02:00:00+00:00,2026-03-31T08:00:00+00:00,67868.0,66360.0,67250.0,H1_EMA100,-0.4098
2026-03-31T17:30:00+00:00,2026-04-02T02:00:00+00:00,67970.0,66646.0,66910.0,H1_EMA100,-0.8006
2026-04-05T17:00:00+00:00,2026-04-07T15:00:00+00:00,67198.0,66684.0,68180.0,H1_EMA100,1.9105
2026-04-07T21:30:00+00:00,2026-04-12T02:00:00+00:00,69588.0,69170.0,71833.0,H1_EMA100,5.3708
2026-04-13T15:30:00+00:00,2026-04-19T07:00:00+00:00,72067.0,71497.0,75023.0,H1_EMA100,5.186
2026-04-20T13:30:00+00:00,2026-04-20T14:30:00+00:00,75223.0,74998.0,74998.0,SL,-1.0
2026-04-22T01:00:00+00:00,2026-04-24T23:00:00+00:00,76391.0,75318.0,77442.0,H1_EMA100,0.9795
2026-04-26T05:30:00+00:00,2026-04-27T06:00:00+00:00,78123.0,77348.0,77764.0,H1_EMA100,-0.4632
2026-04-29T05:30:00+00:00,2026-04-29T07:00:00+00:00,77256.0,76392.0,77053.0,H1_EMA100,-0.235
2026-05-11T12:30:00+00:00,2026-05-11T13:30:00+00:00,81289.0,80893.0,80893.0,SL,-1.0
